matrix_dimension,speed_up
2,2.188086836911668
4,2.450499717141241
16,2.4269336482489785
64,3.2472898376712895
100,3.346773699155162
200,3.3723964430243893
300,3.3987178778518854
