matrix_dimension,speed_up
2,2.103632744463797
4,2.060651723488416
16,2.58700168444694
64,3.133677845451734
100,3.2308741102339225
200,3.286695580105966
300,3.3220748552058743
