matrix_dimension,speed_up
2,2.1597928256282373
4,2.9624132924665267
16,3.1921938908711165
64,3.21380005557107
100,3.309950449448632
200,3.2776255392436826
300,3.350587055026124
