number_of_threads,parallel_time,serial_time,matrix_dimension
1,1628.3235549926758,134.9024772644043,100
2,9828.105449676514,832.9370021820068,200
4,71225.09479522705,6119.996786117554,400
