number_of_threads,parallel_time,serial_time,matrix_dimension
4,30.057907104492188,25.19822120666504,2
4,54.799795150756836,37.2927188873291,4
4,66.01309776306152,38.16795349121094,16
4,378.14927101135254,155.23338317871094,64
4,1753.7031173706055,528.4304618835449,100
4,14348.142147064209,3509.5014572143555,200
4,47013.80658149719,11095.981121063232,300
