number_of_threads,parallel_time,serial_time,matrix_dimension
1,15692.744016647339,857.8667640686035,200
2,9746.788501739502,856.0304641723633,200
4,9003.918647766113,853.797435760498,200
8,8714.613199234009,856.0295104980469,200
16,8175.534725189209,857.297420501709,200
32,8740.187644958496,856.7953109741211,200
64,8145.057916641235,858.3252429962158,200
128,8780.988693237305,855.299711227417,200
