alpha,speed_up
0.07594894916610849,3.7721531525016747
0.08192870278246589,3.7542138916526024
0.08895740152170435,3.733127795434887
