matrix_dimension,parallel_time,serial_time
100,1648.2009887695312,135.4677677154541
140,3488.086462020874,311.276912689209
200,8769.488334655762,856.2836647033691
