number_of_threads,theoretical_speed_up,real_speed_up,max_speed_up
1,1.0,1.0,6.719590984939172
2,1.7409189160537164,1.6386136458279834,6.719590984939172
3,2.3118943296350203,2.0347610788509125,6.719590984939172
4,2.76538014628451,2.308098594584819,6.719590984939172
8,3.918245663338317,2.7142344243776453,6.719590984939172
16,4.9500681589068085,3.64083162915218,6.719590984939172
32,5.70066922528164,3.9562282275591847,6.719590984939172
64,6.168335427111258,4.045812819746991,6.719590984939172
128,6.432173773019452,5.5098927368214206,6.719590984939172
