matrix_dimension,speed_up
2,1.9345981028457313
4,3.966648534711362
8,7.4379689844922465
16,14.219834178539806
32,28.090543920831127
64,58.577583926028296
100,91.95731826293083
300,281.8753383798126
