number_of_threads,parallel_time,serial_time,matrix_dimension
1,2936.0334873199463,514.5719051361084,100
2,1972.963571548462,539.5433902740479,100
3,1778.4202098846436,528.0702114105225,100
4,1577.0938396453857,597.3861217498779,100
8,1632.32421875,598.6034870147705,100
16,1661.2918376922607,600.6741523742676,100
32,1591.944932937622,589.909553527832,100
64,1516.6003704071045,601.7782688140869,100
128,1639.4140720367432,595.8423614501953,100
