matrix_dimension,parallel_time,serial_time
2,35.500526428222656,13.097524642944336
4,41.201114654541016,27.124881744384766
16,46.38528823852539,15.008687973022461
64,354.6321392059326,140.43807983398438
100,1679.159164428711,512.4905109405518
200,13876.441717147827,3377.988576889038
300,45397.292613983154,10782.887697219849
