matrix_dimension,parallel_time,serial_time
2,9.751558303833008,12.492895126342773
4,10.918855667114258,4.534482955932617
8,10.799407958984375,4.54258918762207
16,11.189460754394531,4.790067672729492
32,10.154008865356445,6.703615188598633
64,13.80777359008789,26.286840438842773
