number_of_threads,parallel_time,serial_time,matrix_dimension
1,1.2750625610351562,0.4506111145019531,500
2,1.3720989227294922,0.3337860107421875,500
3,1.4929771423339844,0.33164024353027344,500
4,1.6186237335205078,0.331878662109375,500
8,2.0987987518310547,0.3368854522705078,500
16,11.940240859985352,0.6792545318603516,500
32,7.703065872192383,0.33855438232421875,500
