alpha,fixed_time_speed_up
0.1002705647111268,3.6991883058666195
0.09636093577107097,3.710917192686787
0.07825209917791989,3.76524370246624
