matrix_dimension,speed_up
2,1.6998484882748015
4,3.1156059285091544
8,6.258057321289171
16,11.748904535012338
32,25.647241209634867
64,34.796881022716605
