matrix_dimension,speed_up
2,1.7179280673123793
4,3.180238153648733
8,6.118171700385724
16,11.775945968129639
32,25.94312284893985
64,36.87191808134061
