number_of_threads,parallel_time,serial_time,matrix_dimension
4,1.4653205871582031,2.783536911010742,2
4,3.0062198638916016,6.644964218139648,4
4,9.17959213256836,3.000974655151367,16
4,455.72972297668457,215.40164947509766,64
4,2175.3907203674316,732.8171730041504,100
4,17503.13377380371,4552.412986755371,200
4,56525.1145362854,14398.751974105835,300
