matrix_dimension,parallel_time,serial_time
2,39.388418197631836,26.84497833251953
4,42.882680892944336,37.139892578125
16,69.59366798400879,40.415287017822266
64,401.5388488769531,181.1504364013672
100,1722.8870391845703,528.8078784942627
200,14085.003137588501,3455.540180206299
300,47032.031297683716,11022.056341171265
