number_of_threads,theoretical_speed_up,real_speed_up,max_speed_up
1,1.0,1.0,1.9544876684464785
2,1.3230636833046472,1.4501215145457944,2.63716721585857
4,1.5779534024427795,2.247453531249413,3.8471793552812072
8,1.7461525356351866,3.479532633948786,5.388099606815203
16,1.8444557751717106,6.276458889506029,9.68236594803759
32,1.8978782501350204,10.969054528791814,16.1685878962536
