matrix_dimension,speed_up
2,1.7006185155626496
4,3.0396199037372593
8,5.844844859592775
16,11.40196379257441
32,23.250690264426677
64,36.040026215785815
