matrix_dimension,parallel_time,serial_time
2,7.651805877685547,3.331899642944336
4,8.988142013549805,3.9577484130859375
8,10.813474655151367,4.436492919921875
16,14.011859893798828,6.116390228271484
32,67.87467002868652,17.782211303710938
64,253.00025939941406,212.0828628540039
