matrix_dimension,speed_up
2,2.6319225408934206
4,2.7851547128388874
16,2.900914714383466
64,3.1268929615956593
100,3.3053468035079954
200,3.410420288087701
300,3.4271542767704353
