matrix_dimension,parallel_time,serial_time
2,7.378578186035156,3.164529800415039
4,8.678197860717773,3.627777099609375
8,11.24119758605957,3.7240982055664062
16,16.063928604125977,6.353139877319336
32,63.9495849609375,16.482830047607422
64,243.88837814331055,210.7384204864502
