number_of_threads,theoretical_speed_up,real_speed_up,max_speed_up
1,1.0,1.0,5.310519761373462
2,1.683068895173746,1.6015763729460986,5.310519761373462
3,2.179264922898895,1.978407801959925,5.310519761373462
4,2.556046992899902,2.228409839690312,5.310519761373462
8,3.4510450342064045,2.7876754116969464,5.310519761373462
16,4.183463406168862,3.168446566374578,5.310519761373462
32,4.680093633490936,3.815200514268352,5.310519761373462
