matrix_dimension,speed_up
2,1.6966506761596736
4,3.0828560378644174
8,5.963572690461673
16,11.441935942386051
32,25.564456914140024
64,35.271328241144204
