matrix_dimension,parallel_time,serial_time
2,0.2655982971191406,0.018835067749023438
4,0.3790855407714844,0.05340576171875
8,0.8764266967773438,0.20623207092285156
16,5.151271820068359,0.9617805480957031
32,39.58439826965332,5.406618118286133
64,343.017578125,34.38425064086914
100,1357.964277267456,117.54798889160156
300,35927.2186756134,2521.6758251190186
