matrix_dimension,parallel_time,serial_time
2,0.28252601623535156,0.018835067749023438
4,0.3063678741455078,0.05316734313964844
8,0.8046627044677734,0.20599365234375
16,4.9724578857421875,1.2264251708984375
32,40.26365280151367,5.288600921630859
64,356.9610118865967,35.02225875854492
100,1366.6706085205078,115.90385437011719
300,35990.150451660156,2490.565299987793
