matrix_dimension,parallel_time,serial_time
2,49.70550537109375,16.24441146850586
4,54.05092239379883,16.224145889282227
8,54.91805076599121,34.59882736206055
16,79.0567398071289,18.027782440185547
32,75.91605186462402,27.108430862426758
64,236.6178035736084,99.61771965026855
100,751.2950897216797,307.74426460266113
200,7378.479957580566,6003.620624542236
300,27626.08528137207,24217.552423477173
400,67275.85434913635,46028.30123901367
