number_of_threads,parallel_time,serial_time,matrix_dimension
4,52.12736129760742,16.464710235595703,4
4,65.43207168579102,17.51422882080078,16
4,393.5832977294922,160.21180152893066,64
4,13709.108591079712,3810.2331161499023,200
4,43599.804401397705,13375.952243804932,300
