number_of_threads,parallel_time,serial_time,matrix_dimension
4,39.388418197631836,26.84497833251953,2
4,42.882680892944336,37.139892578125,4
4,69.59366798400879,40.415287017822266,16
4,401.5388488769531,181.1504364013672,64
4,1722.8870391845703,528.8078784942627,100
4,14085.003137588501,3455.540180206299,200
4,47032.031297683716,11022.056341171265,300
