matrix_dimension,speed_up
4,3.2798857126967356
16,3.366545751389759
64,3.132106070945008
200,3.347538307119573
300,3.2957029604486427
