matrix_dimension,speed_up
2,3.820861678004535
4,3.558707124010554
8,3.414816492976892
16,3.5351222826086954
32,3.6278537781991664
64,3.721025771457323
100,3.769771199425086
300,3.8062007841715415
