number_of_threads,theoretical_speed_up,real_speed_up,max_speed_up
1,1.0,1.0,6.7057788387093185
2,1.7404545287553321,1.6464387359117998,6.7057788387093185
3,2.3108026161517405,2.0577552472026173,6.7057788387093185
4,2.7636231775506057,2.192768568577317,6.7057788387093185
8,3.9141322314468665,2.779473422657672,6.7057788387093185
16,4.943036700807414,3.210717221432658,6.7057788387093185
32,5.691035418114798,3.4109712646162347,6.7057788387093185
64,6.1568761274505395,3.3868310204972545,6.7057788387093185
128,6.419615508094209,3.6724807211267496,6.7057788387093185
