matrix_dimension,parallel_time,serial_time
2,26.69215202331543,8.617639541625977
4,28.904438018798828,21.909236907958984
8,149.36327934265137,8.553028106689453
16,32.71985054016113,9.98067855834961
32,79.4365406036377,18.38541030883789
64,281.86726570129395,149.0926742553711
100,1123.4750747680664,645.5812454223633
300,29322.584867477417,19219.963312149048
