number_of_threads,theoretical_speed_up,real_speed_up,max_speed_up
1,1.0,1.0,20.79567471279604
2,1.9082386745831814,1.6002341444990693,20.79567471279604
4,3.495706671702524,1.8254651381432654,20.79567471279604
8,5.985298051634638,1.6871111965228205,20.79567471279604
16,9.295279334008303,1.7907480279388044,20.79567471279604
32,12.847821647259517,1.7316322402250655,20.79567471279604
64,15.882957994915548,1.922129946120624,20.79567471279604
128,18.010313010922182,1.8020492342872079,20.79567471279604
