number_of_threads,parallel_time,serial_time,matrix_dimension
4,0.5133152008056641,0.021696090698242188,2
4,0.3390312194824219,0.052928924560546875,4
4,2.180814743041992,0.3921985626220703,8
4,6.943702697753906,1.2636184692382812,16
4,43.72239112854004,5.254507064819336,32
4,361.6747856140137,34.3320369720459,64
4,1427.9532432556152,117.48504638671875,100
4,38488.38782310486,2515.2747631073,300
