number_of_threads,parallel_time,serial_time,matrix_dimension
1,1.2960433959960938,0.4165172576904297,500
2,1.4019012451171875,0.33211708068847656,500
3,1.5103816986083984,0.47898292541503906,500
4,1.6505718231201172,0.3325939178466797,500
8,1.9869804382324219,0.5214214324951172,500
16,3.145933151245117,0.3719329833984375,500
32,2.776622772216797,0.33164024353027344,500
