number_of_threads,parallel_time,serial_time,matrix_dimension
4,1.4638900756835938,2.195596694946289,2
4,2.921581268310547,2.1317005157470703,4
4,8.870124816894531,11.496305465698242,16
4,452.66151428222656,130.33127784729004,64
4,1933.8862895965576,584.5794677734375,100
4,16185.805797576904,4586.6334438323975,200
4,51330.2047252655,13450.322151184082,300
