number_of_threads,theoretical_speed_up,real_speed_up,max_speed_up
1,1.0,1.0,3.6464280481019458
2,1.569561827000206,1.4506473450699802,3.6464280481019458
3,1.9373813056881317,1.6270535950494205,3.6464280481019458
4,2.194518933605713,1.739445867900121,3.6464280481019458
8,2.7400198689189725,1.8613415283515988,3.6464280481019458
16,3.1289021478604293,2.342382338773272,3.6464280481019458
32,3.367899783991,2.030367487469269,3.6464280481019458
64,3.5016339496857825,2.103112179188772,3.6464280481019458
128,3.5725644943404173,2.439048221787716,3.6464280481019458
