number_of_threads,parallel_time,serial_time,matrix_dimension
1,1648.2009887695312,135.4677677154541,100
2,3488.086462020874,311.276912689209,140
4,8769.488334655762,856.2836647033691,200
