number_of_threads,parallel_time,serial_time,matrix_dimension
4,9.751558303833008,12.492895126342773,2
4,10.918855667114258,4.534482955932617,4
4,10.799407958984375,4.54258918762207,8
4,11.189460754394531,4.790067672729492,16
4,10.154008865356445,6.703615188598633,32
4,13.80777359008789,26.286840438842773,64
