number_of_threads,theoretical_speed_up,real_speed_up,max_speed_up
1,1.0,1.0,3.42017048964296
2,1.5475287650812874,1.4280329382597365,2.4967048520500685
4,2.1308907575961666,2.0347132744167715,3.105979266938171
8,2.62580770097181,3.1198446108847957,4.475044447335328
16,2.9708046331632003,6.740618871500586,10.919658848614073
32,3.179689528310352,10.569838984026816,15.289899514082181
