matrix_dimension,parallel_time,serial_time
100,1637.0446681976318,125.70691108703613
126,2322.939157485962,227.13208198547363
158,4614.612102508545,426.17321014404297
