number_of_threads,theoretical_speed_up,real_speed_up,max_speed_up
1,1.0,1.0,3.832814122533749
2,1.5861624409110442,1.6797302011861845,3.832814122533749
3,1.9713370126401992,2.159411404046597,3.832814122533749
4,2.2437689969604864,2.672442839951865,3.832814122533749
8,2.830521472392638,3.9672572790384417,3.832814122533749
16,3.2562858403176005,5.806533909715824,3.832814122533749
32,3.5211066062485092,7.229645371231239,3.832814122533749
