number_of_threads,parallel_time,serial_time,matrix_dimension
1,4.935503005981445,3.9124488830566406,500
2,7.331132888793945,4.940986633300781,500
3,9.892463684082031,5.405187606811523,500
4,10.9100341796875,4.544734954833984,500
8,39.09182548522949,4.691600799560547,500
16,44.422149658203125,7.223844528198242,500
32,79.4217586517334,4.266977310180664,500
