number_of_threads,parallel_time,serial_time,matrix_dimension
1,10.972261428833008,12.719392776489258,500
2,17.458200454711914,13.174772262573242,500
3,23.53072166442871,9.377002716064453,500
4,34.71803665161133,19.50979232788086,500
8,92.72503852844238,9.819984436035156,500
16,133.80837440490723,9.14621353149414,500
32,252.58874893188477,9.084224700927734,500
