number_of_threads,parallel_time,serial_time,matrix_dimension
4,0.2655982971191406,0.018835067749023438,2
4,0.3790855407714844,0.05340576171875,4
4,0.8764266967773438,0.20623207092285156,8
4,5.151271820068359,0.9617805480957031,16
4,39.58439826965332,5.406618118286133,32
4,343.017578125,34.38425064086914,64
4,1357.964277267456,117.54798889160156,100
4,35927.2186756134,2521.6758251190186,300
