number_of_threads,parallel_time,serial_time,matrix_dimension
1,3.5800933837890625,3.7508010864257812,10
2,7.462739944458008,4.558324813842773,10
4,15.83552360534668,5.56182861328125,10
8,19.956350326538086,4.547834396362305,10
16,56.17046356201172,6.469488143920898,10
32,80.31463623046875,5.2947998046875,10
