number_of_threads,parallel_time,serial_time,matrix_dimension
4,873.2600212097168,125.44465065002441,100
4,8658.54787826538,831.4712047576904,200
4,70985.28623580933,6103.691577911377,400
