number_of_threads,parallel_time,serial_time,matrix_dimension
1,2195.2710151672363,244.65250968933105,100
2,3420.389413833618,364.73846435546875,126
4,6878.543138504028,583.956241607666,158
