number_of_threads,parallel_time,serial_time,matrix_dimension
4,0.28252601623535156,0.018835067749023438,2
4,0.3063678741455078,0.05316734313964844,4
4,0.8046627044677734,0.20599365234375,8
4,4.9724578857421875,1.2264251708984375,16
4,40.26365280151367,5.288600921630859,32
4,356.9610118865967,35.02225875854492,64
4,1366.6706085205078,115.90385437011719,100
4,35990.150451660156,2490.565299987793,300
