number_of_threads,theoretical_speed_up,real_speed_up,max_speed_up
1,1.0,1.0,1.8626403493973647
2,1.3013442990066724,1.3985185830208497,1.8626403493973647
3,1.4466583846109053,1.9109536885340472,1.8626403493973647
4,1.5322049056152836,1.9237024726285474,1.8626403493973647
8,1.6813412490773307,4.789447969922928,1.8626403493973647
16,1.7673534495695333,8.164524159060445,1.8626403493973647
32,1.8137462646639924,15.412815563975569,1.8626403493973647
