number_of_threads,parallel_time,serial_time,matrix_dimension
1,1.2898445129394531,0.3383159637451172,500
2,1.352548599243164,0.4553794860839844,500
3,1.6968250274658203,0.35119056701660156,500
4,1.6782283782958984,0.3387928009033203,500
8,1.7566680908203125,0.3459453582763672,500
16,3.331422805786133,0.4010200500488281,500
32,2.679586410522461,0.3542900085449219,500
