number_of_threads,parallel_time,serial_time,matrix_dimension
1,1.2354850769042969,0.4012584686279297,500
2,1.4078617095947266,0.331878662109375,500
3,1.4600753784179688,0.3864765167236328,500
4,1.8010139465332031,0.6494522094726562,500
8,2.957582473754883,0.37097930908203125,500
16,2.1560192108154297,0.3399848937988281,500
32,2.6662349700927734,0.3838539123535156,500
