number_of_threads,parallel_time,serial_time,matrix_dimension
4,35.500526428222656,13.097524642944336,2
4,41.201114654541016,27.124881744384766,4
4,46.38528823852539,15.008687973022461,16
4,354.6321392059326,140.43807983398438,64
4,1679.159164428711,512.4905109405518,100
4,13876.441717147827,3377.988576889038,200
4,45397.292613983154,10782.887697219849,300
