number_of_threads,parallel_time,serial_time,matrix_dimension
1,3008.300542831421,515.333890914917,100
2,1966.158151626587,531.8739414215088,100
3,1695.1444149017334,522.8774547576904,100
4,1689.0552043914795,535.5246067047119,100
8,1534.40523147583,616.2858009338379,100
16,1768.144130706787,526.4651775360107,100
32,1777.097225189209,520.4682350158691,100
64,1921.860694885254,585.7408046722412,100
128,2399.235725402832,554.5330047607422,100
