number_of_threads,theoretical_speed_up,real_speed_up,max_speed_up
1,1.0,1.0,4.9224094881398255
2,1.6622996089673998,1.4576920876480348,4.9224094881398255
3,2.1332497723112436,1.821573681681157,4.9224094881398255
4,2.4853092966269292,2.0236895606824006,4.9224094881398255
8,3.3029628737624153,4.073571973063675,4.9224094881398255
16,3.9532643808533106,4.968782059734421,4.9224094881398255
32,4.3849258962564965,11.880287189372744,4.9224094881398255
