number_of_threads,parallel_time,serial_time,matrix_dimension
1,2862.7068996429443,500.50902366638184,100
2,1947.6802349090576,551.0883331298828,100
3,1663.5193824768066,517.2510147094727,100
4,1627.9504299163818,526.3998508453369,100
8,1511.094093322754,582.4239253997803,100
16,1741.091251373291,509.27233695983887,100
32,1747.114658355713,517.9286003112793,100
64,1920.9160804748535,590.8057689666748,100
128,2505.558490753174,531.6543579101562,100
