number_of_threads,parallel_time,serial_time,matrix_dimension
4,7.683992385864258,3.5219192504882812,2
4,8.493900299072266,3.4835338592529297,4
4,10.836601257324219,4.256010055541992,8
4,13.634204864501953,5.387544631958008,16
4,40.633201599121094,17.06719398498535,32
4,273.21887016296387,135.55550575256348,64
