number_of_threads,parallel_time,serial_time,matrix_dimension
4,49.70550537109375,16.24441146850586,2
4,54.05092239379883,16.224145889282227,4
4,54.91805076599121,34.59882736206055,8
4,79.0567398071289,18.027782440185547,16
4,75.91605186462402,27.108430862426758,32
4,236.6178035736084,99.61771965026855,64
4,751.2950897216797,307.74426460266113,100
4,7378.479957580566,6003.620624542236,200
4,27626.08528137207,24217.552423477173,300
4,67275.85434913635,46028.30123901367,400
