number_of_threads,parallel_time,serial_time,matrix_dimension
1,22587.220430374146,1151.4201164245605,200
2,13474.523782730103,1010.4284286499023,200
4,14435.565948486328,1187.568187713623,200
8,13161.564111709595,1047.1458435058594,200
16,13951.31254196167,1120.8603382110596,200
32,13464.200258255005,1077.6352882385254,200
64,14718.558549880981,1027.9066562652588,200
128,14212.234497070312,1077.681541442871,200
