matrix_dimension,speed_up
2,1.7507284650141792
4,3.2022227793097686
8,6.2857411587659895
16,13.078524853218072
32,25.13773574033372
64,40.98446731251456
100,64.15139978069499
300,181.4843506524757
