number_of_threads,theoretical_speed_up,real_speed_up,max_speed_up
1,1.0,1.0,3.8296296296296295
2,1.5858895705521472,1.6727060198714203,3.8296296296296295
3,1.970775095298602,2.2001916626736944,3.8296296296296295
4,2.24295010845987,2.648215586307356,3.8296296296296295
8,2.829001367989056,4.064654100561993,3.8296296296296295
16,3.254130605822187,8.852558406940888,3.8296296296296295
32,3.518502764780944,13.882210703674644,3.8296296296296295
