matrix_dimension,parallel_time,serial_time
4,52.12736129760742,16.464710235595703
16,65.43207168579102,17.51422882080078
64,393.5832977294922,160.21180152893066
200,13709.108591079712,3810.2331161499023
300,43599.804401397705,13375.952243804932
