alpha,fixed_time_speed_up,real_speed_up
0.07606896923425999,3.7717930922972203,1.0
0.08959505402446366,3.731214837926609,0.6883995469645885
0.08985858824977451,3.7304242352506765,0.35463679480543214
