matrix_dimension,parallel_time,serial_time
2,0.5133152008056641,0.021696090698242188
4,0.3390312194824219,0.052928924560546875
8,2.180814743041992,0.3921985626220703
16,6.943702697753906,1.2636184692382812
32,43.72239112854004,5.254507064819336
64,361.6747856140137,34.3320369720459
100,1427.9532432556152,117.48504638671875
300,38488.38782310486,2515.2747631073
