number_of_threads,theoretical_speed_up,real_speed_up,max_speed_up
1,1.0,1.0,4.079025549613785
2,1.6062236780533459,1.6795948900909194,4.079025549613785
3,2.0129997067735315,2.1147720032765998,4.079025549613785
4,2.304851435286218,2.2282926829268295,4.079025549613785
8,2.9454038399656763,4.493944393031023,4.079025549613785
16,3.4207412021177204,5.257666593427289,4.079025549613785
32,3.7209932585792203,6.52881042374368,4.079025549613785
