number_of_threads,parallel_time,serial_time,matrix_dimension
1,14.03355598449707,3.9925575256347656,10
2,6.801843643188477,4.743337631225586,10
3,8.79359245300293,4.323482513427734,10
4,11.646509170532227,5.257606506347656,10
8,35.4619026184082,5.675792694091797,10
16,44.26765441894531,4.080772399902344,10
32,74.4314193725586,4.024028778076172,10
