matrix_dimension,speed_up
2,2.2000781809889896
4,2.7344656758669497
16,2.306580195029442
64,3.3293333316975082
100,3.303648104728761
200,3.3375886109674013
300,3.3771127158241514
