matrix_dimension,speed_up
2,1.6857088147060701
4,3.127475764874495
8,6.02604931835774
16,11.751538548312297
32,22.830513236892234
64,43.108287198079466
