matrix_dimension,parallel_time,serial_time
2,0.29659271240234375,0.018835067749023438
4,0.3082752227783203,0.05316734313964844
8,0.8471012115478516,0.2052783966064453
16,5.931377410888672,1.0876655578613281
32,41.63098335266113,5.8956146240234375
64,351.9930839538574,36.08822822570801
100,1385.0984573364258,115.13209342956543
300,35983.45422744751,2485.055685043335
