matrix_dimension,parallel_time,serial_time
2,7.683992385864258,3.5219192504882812
4,8.493900299072266,3.4835338592529297
8,10.836601257324219,4.256010055541992
16,13.634204864501953,5.387544631958008
32,40.633201599121094,17.06719398498535
64,273.21887016296387,135.55550575256348
