number_of_threads,theoretical_speed_up,real_speed_up,max_speed_up
1,1.0,1.0,4.812544045102184
2,1.6559165858389913,1.5975982302749394,4.812544045102184
3,2.119271749250026,2.2338765603328707,4.812544045102184
4,2.4640086595706294,2.659750058948361,4.812544045102184
8,3.2592769359265006,3.7179595278246205,4.812544045102184
16,3.886462260795333,6.126452244099303,4.812544045102184
32,4.300208587508363,6.926230205303533,4.812544045102184
