matrix_dimension,speed_up
2,3.1515253459744628
4,3.2340106436644747
8,3.4560341884745935
16,3.2270601696390817
32,3.2135397468976534
64,3.122438104576109
100,3.1132787239126163
300,2.743129112586881
