number_of_threads,theoretical_speed_up,real_speed_up,max_speed_up
1,1.0,1.0,20.616836728989032
2,1.9074795251000844,1.6388483855782834,20.616836728989032
4,3.4918879214136953,1.5194544410775126,20.616836728989032
8,5.97225147291335,1.6707104741824357,20.616836728989032
16,9.261613830948082,1.5749978941673775,20.616836728989032
32,12.781464675791081,1.632437698177848,20.616836728989032
64,15.780046247526244,1.507553615114389,20.616836728989032
128,17.877060366463994,1.5525684043656194,20.616836728989032
