number_of_threads,parallel_time,serial_time,matrix_dimension
1,16485.2933883667,832.7724933624268,200
2,9991.478204727173,830.7292461395264,200
4,8654.913663864136,832.019567489624,200
8,9433.159589767456,831.7630290985107,200
16,8840.00825881958,830.8475017547607,200
32,9167.410373687744,833.5964679718018,200
64,8180.778980255127,829.0519714355469,200
128,8777.383804321289,832.8230381011963,200
