number_of_threads,parallel_time,serial_time,matrix_dimension
1,16508.985996246338,836.6422653198242,200
2,9972.039222717285,835.914134979248,200
4,8554.98743057251,833.9197635650635,200
8,8814.591884613037,833.3921432495117,200
16,8815.990209579468,835.5765342712402,200
32,9151.62706375122,837.8608226776123,200
64,8209.187746047974,838.8752937316895,200
128,8658.590316772461,833.5540294647217,200
