alpha,speed_up
0.07131289091685201,3.786061327249444
0.08906891637762727,3.732793250867118
0.08454500315145934,3.746364990545622
