number_of_threads,parallel_time,serial_time,matrix_dimension
1,5.758523941040039,12.577056884765625,10
2,7.282495498657227,4.215717315673828,10
3,8.273839950561523,5.33747673034668,10
4,9.879827499389648,5.185604095458984,10
8,30.561447143554688,7.1735382080078125,10
16,42.26517677307129,5.455732345581055,10
32,70.03045082092285,4.660367965698242,10
