matrix_dimension,speed_up
100,3.7704733117652802
200,3.7656128828086217
400,3.7626224239576564
