matrix_dimension,speed_up
2,1.7213118074827314
4,3.1268145618040184
8,5.579279653633232
16,9.486022083633305
32,16.683739496623858
64,21.035855399485598
