matrix_dimension,parallel_time,serial_time
100,873.2600212097168,125.44465065002441
200,8658.54787826538,831.4712047576904
400,70985.28623580933,6103.691577911377
