number_of_threads,parallel_time,serial_time,matrix_dimension
1,1.300811767578125,0.4591941833496094,500
2,1.3935565948486328,0.32830238342285156,500
3,1.352548599243164,0.3268718719482422,500
4,1.6567707061767578,0.3287792205810547,500
8,1.9507408142089844,0.3314018249511719,500
16,3.2341480255126953,0.4286766052246094,500
32,3.6072731018066406,0.4482269287109375,500
