number_of_threads,parallel_time,serial_time,matrix_dimension
1,2834.7115516662598,657.6263904571533,100
2,1791.6488647460938,593.303918838501,100
3,1691.1098957061768,588.5837078094482,100
4,1642.0328617095947,592.0274257659912,100
8,1597.3753929138184,582.1833610534668,100
16,1598.940134048462,591.3474559783936,100
32,2126.093864440918,665.1782989501953,100
