matrix_dimension,speed_up
2,3.191478401648392
4,2.8090236583153048
16,3.266604531950836
64,3.1489808449415477
100,3.2984866376682156
200,3.4126745677503236
300,3.4241979482360465
