number_of_threads,parallel_time,serial_time,matrix_dimension
1,51077.219009399414,19300.437450408936,300
2,32189.337730407715,19619.884967803955,300
3,26976.829290390015,19688.769340515137,300
4,26194.507837295532,20019.755840301514,300
8,26637.07447052002,23729.829788208008,300
16,30390.383005142212,19324.795722961426,300
32,25784.6782207489,23436.94543838501,300
64,26647.127628326416,23362.513303756714,300
128,28719.15602684021,19576.7662525177,300
