number_of_threads,theoretical_speed_up,real_speed_up,max_speed_up
1,1.0,1.0,19.292752061195824
2,1.901442643463602,1.5609632526902768,19.292752061195824
4,3.4617084527267514,1.6789498338640465,19.292752061195824
8,5.870135470426938,1.7293102754620855,19.292752061195824
16,9.001436584275384,1.8322725933317996,19.292752061195824
32,12.275487831866066,1.7245639443888732,19.292752061195824
64,15.004190539141758,1.8382657371412374,19.292752061195824
128,16.880345943591646,1.717529621990937,19.292752061195824
