number_of_threads,parallel_time,serial_time,matrix_dimension
1,3010.0364685058594,498.9013671875,100
2,2326.186418533325,510.4987621307373,100
3,1852.5726795196533,511.92522048950195,100
4,1903.0647277832031,527.9715061187744,100
8,1878.6933422088623,594.6040153503418,100
16,1865.6675815582275,513.1418704986572,100
32,2277.097702026367,624.20654296875,100
64,2262.9692554473877,599.6589660644531,100
128,1957.2675228118896,693.7351226806641,100
