matrix_dimension,parallel_time,serial_time
2,8.076190948486328,3.1731128692626953
4,9.181737899780273,3.452301025390625
8,11.434078216552734,4.204034805297852
16,14.60719108581543,5.725860595703125
32,64.5453929901123,15.673398971557617
64,277.12130546569824,209.57255363464355
