number_of_threads,theoretical_speed_up,real_speed_up,max_speed_up
1,1.0,1.0,2.2614868982327847
2,1.3867827581696903,1.425904123440032,2.2614868982327847
3,1.5920407258583462,1.7578101456554496,2.2614868982327847
4,1.7192758944186424,2.1251721198609927,2.2614868982327847
8,1.9534547081543088,4.571211654485091,2.2614868982327847
16,2.0962151513974745,5.164481213045966,2.2614868982327847
32,2.1757169474974396,12.400338697515961,2.2614868982327847
