number_of_threads,parallel_time,serial_time,matrix_dimension
4,32.12594985961914,10.667085647583008,2
4,31.41641616821289,11.380910873413086,4
4,33.49661827087402,10.863542556762695,8
4,103.49130630493164,25.03180503845215,16
4,67.65460968017578,19.23394203186035,32
4,276.076078414917,158.91265869140625,64
4,1133.1603527069092,643.2511806488037,100
4,29294.053554534912,19236.037731170654,300
