number_of_threads,theoretical_speed_up,real_speed_up,max_speed_up
1,1.0,1.0,1.4578594176524113
2,1.1862838103611837,1.4634420185407153,2.7274629566791084
3,1.2648224594181208,1.6813594596717192,2.550140706660115
4,1.3081250717593478,1.967906944152477,2.905241379310345
8,1.3789393705075879,3.4324130901520244,5.2603031108747675
16,1.417301611983621,5.893430450072782,8.746930035397456
32,1.4372944550836722,10.905648513488963,16.026807182687882
