matrix_dimension,parallel_time,serial_time
2,1.4638900756835938,2.195596694946289
4,2.921581268310547,2.1317005157470703
16,8.870124816894531,11.496305465698242
64,452.66151428222656,130.33127784729004
100,1933.8862895965576,584.5794677734375
200,16185.805797576904,4586.6334438323975
300,51330.2047252655,13450.322151184082
