matrix_dimension,parallel_time,serial_time
100,2195.2710151672363,244.65250968933105
126,3420.389413833618,364.73846435546875
158,6878.543138504028,583.956241607666
