number_of_threads,theoretical_speed_up,real_speed_up,max_speed_up
1,1.0,1.0,3.470393648693351
2,1.5526121059641853,1.4203343520696308,2.4502648330822683
3,1.9031867932514965,1.81286437557533,3.05418241736939
4,2.145398773006135,2.1248481672898754,3.399481786313062
8,2.6515859977252623,4.408494271419026,8.592346005285627
16,3.0062325381474317,6.5680321666378125,10.445379399099144
32,3.2216805496909906,11.461115086963716,17.298629852605355
