number_of_threads,parallel_time,serial_time,matrix_dimension
4,8.372068405151367,3.5774707794189453,2
4,9.160280227661133,4.313230514526367,4
4,11.200189590454102,4.982233047485352,8
4,15.087127685546875,6.669044494628906,16
4,57.144880294799805,22.47023582458496,32
4,230.65662384033203,184.0510368347168,64
