number_of_threads,parallel_time,serial_time,matrix_dimension
4,8.076190948486328,3.1731128692626953,2
4,9.181737899780273,3.452301025390625,4
4,11.434078216552734,4.204034805297852,8
4,14.60719108581543,5.725860595703125,16
4,64.5453929901123,15.673398971557617,32
4,277.12130546569824,209.57255363464355,64
