matrix_dimension,speed_up
2,1.933780385582565
4,3.62954796030871
8,6.6665932613961685
16,13.640015600624025
32,28.274697147944423
64,58.260208548913475
100,92.11307749371561
300,280.3900455006262
