matrix_dimension,speed_up
100,3.6231779398315203
200,3.737153993848612
400,3.7624683157950107
