number_of_threads,parallel_time,serial_time,matrix_dimension
1,3170.349359512329,524.4150161743164,100
2,2344.9881076812744,619.1995143890381,100
3,2318.2780742645264,548.0408668518066,100
4,2042.900800704956,547.0678806304932,100
8,2208.9920043945312,617.3233985900879,100
16,1903.860330581665,547.6551055908203,100
32,2061.164617538452,635.8091831207275,100
64,2186.192274093628,537.8482341766357,100
128,2120.7494735717773,526.6759395599365,100
