matrix_dimension,parallel_time,serial_time
100,1628.3235549926758,134.9024772644043
200,9828.105449676514,832.9370021820068
400,71225.09479522705,6119.996786117554
