number_of_threads,theoretical_speed_up,real_speed_up,max_speed_up
1,1.0,1.0,3.6649556358723308
2,1.5712713783126886,1.44922179601187,3.6649556358723308
3,1.9408566658481734,1.6543998953380643,3.6649556358723308
4,2.199537903086222,1.6265457416448654,3.6649556358723308
8,2.749157716921011,1.8595184266075284,3.6649556358723308
16,3.141678518713324,1.9635969644439224,3.6649556358723308
32,3.383202955164068,2.392999819186327,3.6649556358723308
