number_of_threads,parallel_time,serial_time,matrix_dimension
4,7.378578186035156,3.164529800415039,2
4,8.678197860717773,3.627777099609375,4
4,11.24119758605957,3.7240982055664062,8
4,16.063928604125977,6.353139877319336,16
4,63.9495849609375,16.482830047607422,32
4,243.88837814331055,210.7384204864502,64
