number_of_threads,parallel_time,serial_time,matrix_dimension
1,1637.0446681976318,125.70691108703613,100
2,2322.939157485962,227.13208198547363,126
4,4614.612102508545,426.17321014404297,158
