number_of_threads,parallel_time,serial_time,matrix_dimension
1,14.981508255004883,3.8194656372070312,10
2,7.62939453125,4.519939422607422,10
3,8.966922760009766,4.287242889404297,10
4,11.044502258300781,5.330562591552734,10
8,33.0965518951416,5.285024642944336,10
16,39.2298698425293,6.8149566650390625,10
32,75.0112533569336,4.334688186645508,10
