number_of_threads,parallel_time,serial_time,matrix_dimension
4,8.989095687866211,3.902435302734375,2
4,9.406089782714844,3.6950111389160156,4
4,12.698173522949219,3.9627552032470703,8
4,13.177156448364258,6.644964218139648,16
4,57.41596221923828,22.420406341552734,32
4,227.9183864593506,219.3131446838379,64
