matrix_dimension,speed_up
2,1.4383815648445875
4,3.1197080967662307
8,5.927380378871467
16,11.503558479924802
32,19.67251718383164
64,22.69592493265703
