number_of_threads,parallel_time,serial_time,matrix_dimension
4,33.54525566101074,13.228893280029297,2
4,39.06607627868652,13.394832611083984,4
4,60.608625411987305,13.423681259155273,8
4,42.693376541137695,14.817476272583008,16
4,64.43023681640625,22.891759872436523,32
4,221.57764434814453,91.61543846130371,64
4,728.224515914917,305.5593967437744,100
4,27029.505491256714,19489.43328857422,300
