number_of_threads,parallel_time,serial_time,matrix_dimension
4,7.651805877685547,3.331899642944336,2
4,8.988142013549805,3.9577484130859375,4
4,10.813474655151367,4.436492919921875,8
4,14.011859893798828,6.116390228271484,16
4,67.87467002868652,17.782211303710938,32
4,253.00025939941406,212.0828628540039,64
