matrix_dimension,speed_up
2,2.034622075079962
4,1.934461462450593
16,3.260878075515277
64,3.037140901244756
100,3.2440528326660605
200,3.3807798505957365
300,3.390948942187342
