number_of_threads,theoretical_speed_up,real_speed_up,max_speed_up
1,1.0,1.0,4.111619919862622
2,1.6087346024636058,1.678513731825525,4.111619919862622
3,2.0182635571789826,2.024915062287656,4.111619919862622
4,2.3126207340631035,2.6611213308805888,4.111619919862622
8,2.960230785081393,3.2585365853658534,4.111619919862622
16,3.4421948005271354,6.187393526405452,4.111619919862622
32,3.747244864688621,7.428754585277254,4.111619919862622
