matrix_dimension,speed_up
2,3.261056924089164
4,3.307401061898865
8,2.840481434822791
16,3.4429251329806827
32,3.2106216849179385
64,3.1111791042024457
100,3.1282356127388686
200,2.65410801816215
300,2.5986196091398908
400,2.7812900330066737
