number_of_threads,theoretical_speed_up,real_speed_up,max_speed_up
1,1.0,1.0,4.514928938253911
2,1.6373480016891708,1.4175851520074942,2.4339783865292786
3,2.0790383046590715,1.8080845703018018,3.0339141943310906
4,2.403178513250427,2.0692412645833484,3.215173226918193
8,3.1367481032417324,4.0696019293249135,7.247920692262455
16,3.7017230880332437,7.060740585992583,11.847861649918205
32,4.0680843336421555,12.355167995644644,19.49674132006162
