number_of_threads,theoretical_speed_up,real_speed_up,max_speed_up
1,1.0,1.0,7.045496909376256
2,1.7514137383274373,1.6544054600805134,7.045496909376256
3,2.3366865236800196,2.170138138223425,7.045496909376256
4,2.805434902000771,2.448464381483942,7.045496909376256
8,4.012957009544001,3.163381980525112,7.045496909376256
16,5.113422982181696,3.6773850777599413,7.045496909376256
32,5.925954959586214,3.851606033345848,7.045496909376256
64,6.437413139969053,4.7622462349351835,7.045496909376256
128,6.727742633606364,4.873360729905354,7.045496909376256
