number_of_threads,parallel_time,serial_time,matrix_dimension
1,14.011621475219727,5.789518356323242,10
2,8.067846298217773,5.390405654907227,10
4,10.849475860595703,5.1517486572265625,10
8,19.106388092041016,5.498170852661133,10
16,55.45997619628906,5.590915679931641,10
32,72.21770286560059,5.05375862121582,10
