number_of_threads,theoretical_speed_up,real_speed_up,max_speed_up
1,1.0,1.0,19.837699974752113
2,1.904020117267103,1.5759766734955154,19.837699974752113
4,3.4745530411001795,1.753415881504854,19.837699974752113
8,5.913383037567203,1.75407296863636,19.837699974752113
16,9.110911450126302,1.7252971293760633,19.837699974752113
32,12.486922097328085,1.8581340873889973,19.837699974752113
64,15.326509533353741,1.6883416467514891,19.837699974752113
128,17.292736110718675,1.663385785524071,19.837699974752113
