number_of_threads,theoretical_speed_up,real_speed_up,max_speed_up
1,1.0,1.0,4.709577379142596
2,1.6497113766587854,1.3671158886213366,4.709577379142596
3,2.105755897733349,1.722046290195745,4.709577379142596
4,2.443494447248864,2.074047515121282,4.709577379142596
8,3.21758999605326,3.463809772667886,4.709577379142596
16,3.823178783428564,6.627387436108022,4.709577379142596
32,4.22033771311414,11.664421025352137,4.709577379142596
