number_of_threads,parallel_time,serial_time,matrix_dimension
4,8.489847183227539,3.280162811279297,2
4,9.699106216430664,3.982067108154297,4
4,11.635780334472656,6.150960922241211,8
4,15.550374984741211,11.936664581298828,16
4,73.67086410522461,71.9447135925293,32
4,267.3006057739258,573.1894969940186,64
