matrix_dimension,parallel_time,serial_time
2,8.372068405151367,3.5774707794189453
4,9.160280227661133,4.313230514526367
8,11.200189590454102,4.982233047485352
16,15.087127685546875,6.669044494628906
32,57.144880294799805,22.47023582458496
64,230.65662384033203,184.0510368347168
