matrix_dimension,speed_up
2,1.9594474153297683
4,3.5948905109489053
8,6.933005930318755
16,13.690564722286776
32,28.674151997819145
64,58.538179127535486
100,92.47396698384058
300,281.6585371468262
