matrix_dimension,speed_up
2,2.7840736061165647
4,2.6076469063487853
16,2.897854624185379
64,3.0673394501419
100,3.2954535612141638
200,3.408990910213026
300,3.4304247923210327
