number_of_threads,parallel_time,serial_time,matrix_dimension
1,10.683059692382812,4.324436187744141,10
2,7.115602493286133,4.906415939331055,10
3,10.105609893798828,4.919528961181641,10
4,11.260271072387695,4.692792892456055,10
8,35.61663627624512,4.691123962402344,10
16,45.496225357055664,4.816770553588867,10
32,74.87344741821289,4.593849182128906,10
