matrix_dimension,speed_up
2,1.6972869005566755
4,3.1538853503184714
8,6.335069618351197
16,10.971554005292278
32,23.29428593612815
64,33.10609571788413
