matrix_dimension,speed_up
2,3.2678257933828494
4,2.706495627041027
8,3.83751466371958
16,3.298790054662505
32,3.436156911490513
64,2.9621354996218696
100,2.9052108097617775
300,2.812178344591987
