number_of_threads,theoretical_speed_up,real_speed_up,max_speed_up
1,1.0,1.0,6.837575591022208
2,1.744819048087911,1.6489172037874005,6.837575591022208
3,2.3210807717339135,2.0387624703490443,6.837575591022208
4,2.78018726372469,2.3226213566313274,6.837575591022208
8,3.9530483044780844,2.661461554580986,6.837575591022208
16,5.0097690103168775,3.602358399661784,6.837575591022208
32,5.782675435595993,3.9888114500434937,6.837575591022208
64,6.266037074197583,4.072302964186315,6.837575591022208
128,6.539341973178656,5.152428155454111,6.837575591022208
