number_of_threads,parallel_time,serial_time,matrix_dimension
4,0.29659271240234375,0.018835067749023438,2
4,0.3082752227783203,0.05316734313964844,4
4,0.8471012115478516,0.2052783966064453,8
4,5.931377410888672,1.0876655578613281,16
4,41.63098335266113,5.8956146240234375,32
4,351.9930839538574,36.08822822570801,64
4,1385.0984573364258,115.13209342956543,100
4,35983.45422744751,2485.055685043335,300
