number_of_threads,real_speed_up
1,1.0
2,0.6446079507421811
4,0.3269579534383892
