matrix_dimension,parallel_time,serial_time
2,32.12594985961914,10.667085647583008
4,31.41641616821289,11.380910873413086
8,33.49661827087402,10.863542556762695
16,103.49130630493164,25.03180503845215
32,67.65460968017578,19.23394203186035
64,276.076078414917,158.91265869140625
100,1133.1603527069092,643.2511806488037
300,29294.053554534912,19236.037731170654
