matrix_dimension,parallel_time,serial_time
2,30.057907104492188,25.19822120666504
4,54.799795150756836,37.2927188873291
16,66.01309776306152,38.16795349121094
64,378.14927101135254,155.23338317871094
100,1753.7031173706055,528.4304618835449
200,14348.142147064209,3509.5014572143555
300,47013.80658149719,11095.981121063232
