matrix_dimension,parallel_time,serial_time
2,33.54525566101074,13.228893280029297
4,39.06607627868652,13.394832611083984
8,60.608625411987305,13.423681259155273
16,42.693376541137695,14.817476272583008
32,64.43023681640625,22.891759872436523
64,221.57764434814453,91.61543846130371
100,728.224515914917,305.5593967437744
300,27029.505491256714,19489.43328857422
