number_of_threads,parallel_time,serial_time,matrix_dimension
1,15654.009103775024,830.99365234375,200
2,9631.403923034668,828.7780284881592,200
4,8571.344375610352,830.305814743042,200
8,8569.039583206177,829.0886878967285,200
16,8723.060369491577,831.8171501159668,200
32,8042.383909225464,829.420804977417,200
64,8932.042121887207,831.9785594940186,200
128,9080.382585525513,830.1281929016113,200
