matrix_dimension,parallel_time,serial_time
2,8.489847183227539,3.280162811279297
4,9.699106216430664,3.982067108154297
8,11.635780334472656,6.150960922241211
16,15.550374984741211,11.936664581298828
32,73.67086410522461,71.9447135925293
64,267.3006057739258,573.1894969940186
