number_of_threads,parallel_time,serial_time,matrix_dimension
1,50205.8470249176,18839.280605316162,300
2,31137.020111083984,19088.112115859985,300
3,28101.762294769287,19261.277675628662,300
4,25487.717390060425,24137.875080108643,300
8,27197.943210601807,24288.087368011475,300
16,26089.009523391724,23751.88136100769,300
32,28919.217348098755,19207.900762557983,300
