matrix_dimension,parallel_time,serial_time
2,1.4653205871582031,2.783536911010742
4,3.0062198638916016,6.644964218139648
16,9.17959213256836,3.000974655151367
64,455.72972297668457,215.40164947509766
100,2175.3907203674316,732.8171730041504
200,17503.13377380371,4552.412986755371
300,56525.1145362854,14398.751974105835
