matrix_dimension,speed_up
2,3.8125
4,3.556366047745358
8,3.388535031847134
16,3.4064615384615387
32,3.651701036323668
64,3.7319610704234605
100,3.765467724007328
300,3.8058327202595392
