number_of_threads,parallel_time,serial_time,matrix_dimension
1,14.544486999511719,3.9207935333251953,10
2,6.579160690307617,5.671024322509766,10
3,8.099794387817383,4.778623580932617,10
4,10.951042175292969,4.909276962280273,10
8,32.11498260498047,7.3909759521484375,10
16,44.32559013366699,4.614114761352539,10
32,74.6910572052002,4.450798034667969,10
