number_of_threads,theoretical_speed_up,real_speed_up,max_speed_up
1,1.0,1.0,2.2889694771834392
2,1.3919067921199648,1.3877113333147648,2.2889694771834392
3,1.6010625554882258,1.738970701738137,2.2889694771834392
4,1.7311270084337074,2.084289431905596,2.2889694771834392
8,1.9713441692802207,4.457941048609987,2.2889694771834392
16,2.118316634387476,6.6472869289545775,2.2889694771834392
32,2.200339164000683,10.937636309385264,2.2889694771834392
