matrix_dimension,speed_up
2,1.990699951052374
4,3.8984025559105433
8,7.006985491671145
16,13.643843498273878
32,26.83591367889812
64,53.71328847698593
100,86.03471043495377
300,281.7554397080268
