number_of_threads,parallel_time,serial_time,matrix_dimension
4,21.251916885375977,6.561040878295898,2
4,22.037744522094727,7.007598876953125,4
4,100.68917274475098,21.78335189819336,8
4,28.323888778686523,7.675647735595703,16
4,42.68217086791992,10.810613632202148,32
4,213.28449249267578,41.79120063781738,64
4,698.6551284790039,151.77083015441895,100
4,23836.511373519897,5618.522644042969,300
