matrix_dimension,parallel_time,serial_time
2,7.745981216430664,3.5543441772460938
4,8.606195449829102,3.312349319458008
8,10.372638702392578,4.409551620483398
16,12.062311172485352,4.846096038818359
32,26.20840072631836,9.010553359985352
64,154.64043617248535,41.3358211517334
