matrix_dimension,parallel_time,serial_time
2,8.825540542602539,3.4575462341308594
4,9.34910774230957,3.6513805389404297
8,10.381698608398438,4.999399185180664
16,12.086629867553711,5.13911247253418
32,32.0286750793457,11.529684066772461
64,193.77684593200684,36.85593605041504
