number_of_threads,parallel_time,serial_time,matrix_dimension
1,4.419565200805664,3.7822723388671875,10
2,5.646467208862305,3.656148910522461,10
3,9.929418563842773,4.282712936401367,10
4,10.757923126220703,3.8709640502929688,10
8,34.48486328125,4.318475723266602,10
16,41.35394096374512,4.450559616088867,10
32,75.02126693725586,4.601001739501953,10
