matrix_dimension,parallel_time,serial_time
2,8.319616317749023,3.3338069915771484
4,9.799480438232422,3.332853317260742
8,11.64388656616211,4.350900650024414
16,12.554645538330078,5.121469497680664
32,25.29764175415039,9.706974029541016
64,157.54318237304688,41.426658630371094
