matrix_dimension,parallel_time,serial_time
100,1642.5576210021973,89.63918685913086
140,3284.487009048462,153.81646156311035
200,8694.979667663574,594.4936275482178
