matrix_dimension,parallel_time,serial_time
2,1.600503921508789,0.7750988006591797
4,1.8367767333984375,2.367258071899414
16,8.957862854003906,3.7529468536376953
64,491.14108085632324,194.20695304870605
100,1767.9970264434814,665.8267974853516
200,16247.699975967407,5728.10435295105
300,64961.59482002258,19757.415533065796
