matrix_dimension,parallel_time,serial_time
2,7.71021842956543,3.221273422241211
4,8.759021759033203,3.791332244873047
8,9.778499603271484,4.136323928833008
16,12.140035629272461,4.340887069702148
32,26.252031326293945,8.766651153564453
64,152.29058265686035,40.216922760009766
