number_of_threads,parallel_time,serial_time,matrix_dimension
1,1642.5576210021973,89.63918685913086,100
2,3284.487009048462,153.81646156311035,140
4,8694.979667663574,594.4936275482178,200
