matrix_dimension,parallel_time,serial_time
2,28.747081756591797,12.158870697021484
4,28.559207916259766,8.281946182250977
8,29.51359748840332,12.867212295532227
16,79.11372184753418,21.680116653442383
32,51.203250885009766,17.560482025146484
64,209.9628448486328,60.05549430847168
100,710.3719711303711,135.39409637451172
300,23695.4288482666,5532.8209400177
