number_of_threads,theoretical_speed_up,real_speed_up,max_speed_up
1,1.0,1.0,28.38085662342103
2,1.931928465339377,1.227907014999643,28.38085662342103
4,3.617601261048947,1.4994270063330124,28.38085662342103
8,6.4172231725183915,1.5395430334000875,28.38085662342103
16,10.467605790190284,1.5762892800474777,28.38085662342103
32,15.29427939561359,1.6707342773410816,28.38085662342103
64,19.87697304463008,1.6584024667556718,28.38085662342103
128,23.379647446545977,1.3722558521931627,28.38085662342103
