number_of_threads,parallel_time,serial_time,matrix_dimension
1,15108.431100845337,480.2534580230713,200
2,10611.476421356201,607.4979305267334,200
4,8796.263217926025,461.4236354827881,200
8,8570.520639419556,609.9414825439453,200
16,8521.365404129028,460.19864082336426,200
32,8762.935638427734,457.6859474182129,200
64,8452.764749526978,606.6486835479736,200
128,8720.7772731781,460.3462219238281,200
