matrix_dimension,parallel_time,serial_time
2,33.103227615356445,26.36861801147461
4,38.636207580566406,12.801408767700195
8,38.94662857055664,26.82328224182129
16,41.731834411621094,11.095762252807617
32,91.14885330200195,15.094280242919922
64,278.8736820220947,50.33230781555176
100,756.7658424377441,208.6622714996338
300,23710.62445640564,6019.118547439575
