matrix_dimension,speed_up
2,1.7139203731740251
4,3.2386303807120425
8,6.095860598923785
16,11.65390685064541
32,23.403528129682606
64,50.883039758429796
