matrix_dimension,parallel_time,serial_time
100,2627.908229827881,77.72707939147949
126,3932.931661605835,195.5254077911377
158,6798.5594272613525,337.24379539489746
