number_of_threads,parallel_time,serial_time,matrix_dimension
1,0.39315223693847656,0.11348724365234375,500
2,0.45990943908691406,0.11277198791503906,500
3,0.47898292541503906,0.09751319885253906,500
4,0.4665851593017578,0.0972747802734375,500
8,0.6310939788818359,0.21219253540039062,500
16,0.8814334869384766,0.0972747802734375,500
32,1.4989376068115234,0.0972747802734375,500
