number_of_threads,theoretical_speed_up,real_speed_up,max_speed_up
1,1.0,1.0,4.630662020905923
2,1.6448019801980198,1.6587324347576713,4.630662020905923
3,2.0951129795060432,2.2275204359673024,4.630662020905923
4,2.4273972602739726,2.670894677236693,4.630662020905923
8,3.185140802875974,4.145495243424734,4.630662020905923
16,3.774227902023429,6.741728085306571,4.630662020905923
32,4.1588108742421275,10.16228591555497,4.630662020905923
