number_of_threads,parallel_time,serial_time,matrix_dimension
4,1107.2306632995605,89.9817943572998,100
4,8720.69501876831,457.1347236633301,200
4,298868.8049316406,3777.545213699341,400
