number_of_threads,parallel_time,serial_time,matrix_dimension
4,7.745981216430664,3.5543441772460938,2
4,8.606195449829102,3.312349319458008,4
4,10.372638702392578,4.409551620483398,8
4,12.062311172485352,4.846096038818359,16
4,26.20840072631836,9.010553359985352,32
4,154.64043617248535,41.3358211517334,64
