matrix_dimension,speed_up
2,1.7023750883430064
4,3.229068304865377
8,6.004241180793729
16,12.031650435674013
32,25.423379425204924
64,52.11906038731758
