number_of_threads,parallel_time,serial_time,matrix_dimension
4,0.32329559326171875,0.004291534423828125,2
4,0.2865791320800781,0.011682510375976562,4
4,0.331878662109375,0.0553131103515625,8
4,1.6391277313232422,0.362396240234375,16
4,13.980388641357422,2.3636817932128906,32
4,92.73982048034668,19.92630958557129,64
4,442.93713569641113,71.9141960144043,100
4,35932.01780319214,2431.01167678833,300
