number_of_threads,parallel_time,serial_time,matrix_dimension
1,2627.908229827881,77.72707939147949,100
2,3932.931661605835,195.5254077911377,126
4,6798.5594272613525,337.24379539489746,158
