matrix_dimension,speed_up
2,1.9868995633187774
4,3.882494004796163
8,7.0
16,13.284097677188804
32,27.516775586416152
64,52.857720566451384
100,86.17172576446796
300,281.05278698755984
