matrix_dimension,speed_up
2,2.738042382906632
4,2.82710771156682
16,3.2636733192449316
64,3.0963894298704884
100,3.160953827529134
200,3.197854095570574
300,3.2472667038834264
