number_of_threads,real_speed_up
1,1.0
2,0.6553623457236438
4,0.37916338564787494
