matrix_dimension,parallel_time,serial_time
2,7.873058319091797,3.839731216430664
4,9.306669235229492,4.35638427734375
8,10.477542877197266,4.81867790222168
16,16.88361167907715,6.01959228515625
32,29.875516891479492,11.820077896118164
64,206.9265842437744,45.70150375366211
