matrix_dimension,speed_up
2,1.7027603571678362
4,3.325595542411162
8,5.874734189178546
16,12.773594947487936
32,24.083400366137802
64,49.988003062146205
100,84.15162767097029
300,243.40018738554784
