matrix_dimension,parallel_time,serial_time
2,0.32329559326171875,0.004291534423828125
4,0.2865791320800781,0.011682510375976562
8,0.331878662109375,0.0553131103515625
16,1.6391277313232422,0.362396240234375
32,13.980388641357422,2.3636817932128906
64,92.73982048034668,19.92630958557129
100,442.93713569641113,71.9141960144043
300,35932.01780319214,2431.01167678833
