number_of_threads,theoretical_speed_up,real_speed_up,max_speed_up
1,1.0,1.0,2.2145669291338583
2,1.3778322106552359,1.4267319804058782,2.2145669291338583
3,1.5763661840261558,1.6994187745559632,2.2145669291338583
4,1.6987542468856172,2.1174961388820903,2.2145669291338583
8,1.922666096987823,4.7753154921000105,2.2145669291338583
16,2.058319039451115,5.736852895750634,2.2145669291338583
32,2.1335862028092216,11.948143775040553,2.2145669291338583
