number_of_threads,parallel_time,serial_time,matrix_dimension
1,6.643772125244141,3.4401416778564453,10
2,6.272554397583008,4.094362258911133,10
4,9.638786315917969,4.036664962768555,10
8,17.050743103027344,5.125999450683594,10
16,46.70381546020508,4.00543212890625,10
32,72.41988182067871,4.395484924316406,10
