number_of_threads,theoretical_speed_up,real_speed_up,max_speed_up
1,1.0,1.0,2.168494704992436
2,1.3687854371829304,1.4357257189115595,2.5443756113465925
3,1.5606314929909721,1.8718598224752971,3.3184880031175195
4,1.6782408254363177,2.22986208275035,3.779132791327913
8,1.8921271373471114,4.49680877517752,8.985424832992878
16,2.0209060768612246,6.510777911688268,10.291851931215515
32,2.0921006870207246,11.464002282776836,17.30542025080319
