number_of_threads,parallel_time,serial_time,matrix_dimension
4,7.409572601318359,3.0908584594726562,2
4,9.010553359985352,3.3309459686279297,4
4,12.78543472290039,3.4646987915039062,8
4,11.342048645019531,4.197835922241211,16
4,25.50816535949707,8.070707321166992,32
4,157.25064277648926,40.244102478027344,64
