number_of_threads,parallel_time,serial_time,matrix_dimension
4,38.901567459106445,12.04681396484375,2
4,62.20197677612305,13.424396514892578,4
4,65.26899337768555,12.586832046508789,8
4,66.66278839111328,12.822389602661133,16
4,61.312198638916016,27.036190032958984,32
4,221.49014472961426,50.83966255187988,64
4,724.2224216461182,154.1919708251953,100
4,6069.197177886963,1289.0431880950928,200
4,24376.47581100464,5545.43399810791,300
4,220071.39945030212,17746.21558189392,400
