matrix_dimension,speed_up
2,3.0211762344439985
4,2.310724210287529
16,3.1142310505880366
64,3.1498905222994282
100,3.179283080058114
200,3.2180348531662197
300,3.3003666313833815
