matrix_dimension,speed_up
2,3.290645926633067
4,3.467471626733922
8,3.514994595024973
16,3.5160460128680056
32,3.081946243523316
64,3.4399475063778526
100,3.4733967061102176
200,3.4744491383886507
300,3.4440093529973397
400,3.7761366552327327
