alpha,fixed_time_speed_up
0.02872784780957992,3.91381645657126
0.047360407170153114,3.8579187784895406
0.04726080370660234,3.858217588880193
