number_of_threads,parallel_time,serial_time,matrix_dimension
4,0.2894401550292969,0.004291534423828125,2
4,0.2872943878173828,0.011920928955078125,4
4,0.39649009704589844,0.05412101745605469,8
4,1.6131401062011719,0.36597251892089844,16
4,13.13328742980957,2.3114681243896484,32
4,92.07606315612793,19.69432830810547,64
4,437.27660179138184,72.37720489501953,100
4,35424.957275390625,2436.701774597168,300
