number_of_threads,theoretical_speed_up,real_speed_up,max_speed_up
1,1.0,1.0,5.380722891566265
2,1.6865558912386707,1.7617808615206707,5.380722891566265
3,2.187071498530852,2.2859649122807015,5.380722891566265
4,2.5681426106958023,2.8621163536417775,5.380722891566265
8,3.4768392370572205,4.379888268156424,5.380722891566265
16,4.224166469614566,7.571354971664091,5.380722891566265
32,4.732812293018943,11.586523736600306,5.380722891566265
