matrix_dimension,parallel_time,serial_time
2,7.409572601318359,3.0908584594726562
4,9.010553359985352,3.3309459686279297
8,12.78543472290039,3.4646987915039062
16,11.342048645019531,4.197835922241211
32,25.50816535949707,8.070707321166992
64,157.25064277648926,40.244102478027344
