number_of_threads,theoretical_speed_up,real_speed_up,max_speed_up
1,1.0,1.0,2.255407995618839
2,1.3856376826832089,1.34828200413698,2.255407995618839
3,1.5900294387336518,1.728791760964278,2.255407995618839
4,1.7166377929165961,1.9871151727266836,2.255407995618839
8,1.9494833694518612,3.5971136913258674,2.255407995618839
16,2.091316991117441,5.475641232037972,2.255407995618839
32,2.1702652353358927,12.257675147078753,2.255407995618839
