matrix_dimension,parallel_time,serial_time
2,0.2703666687011719,0.00476837158203125
4,0.21982192993164062,0.011920928955078125
8,0.3082752227783203,0.057220458984375
16,1.6176700592041016,0.5009174346923828
32,13.82303237915039,2.2983551025390625
64,92.87524223327637,19.673824310302734
100,437.669038772583,71.23899459838867
300,35697.35503196716,2465.390682220459
