number_of_threads,theoretical_speed_up,real_speed_up,max_speed_up
1,1.0,1.0,12.008942380899313
2,1.8462596004009866,1.7200279288463216,12.008942380899313
3,2.571702143041092,2.198305848105408,12.008942380899313
4,3.200476642826516,2.4670649449756032,12.008942380899313
8,5.054018110114833,3.2978260786725415,12.008942380899313
16,7.114054130097013,3.565856355458555,12.008942380899313
32,8.93502920358821,4.079110372576638,12.008942380899313
