number_of_threads,parallel_time,serial_time,matrix_dimension
4,7.819175720214844,3.313302993774414,2
4,9.717941284179688,3.3609867095947266,4
4,11.132001876831055,4.439592361450195,8
4,13.683795928955078,4.922389984130859,16
4,31.6922664642334,8.533954620361328,32
4,192.63815879821777,44.77238655090332,64
