matrix_dimension,parallel_time,serial_time
2,0.4825592041015625,0.0045299530029296875
4,0.3604888916015625,0.012636184692382812
8,0.3807544708251953,0.0629425048828125
16,1.7464160919189453,0.3254413604736328
32,15.118837356567383,3.0219554901123047
64,115.48137664794922,22.53556251525879
100,430.71866035461426,70.73712348937988
300,39628.55243682861,2575.214624404907
