number_of_threads,theoretical_speed_up,real_speed_up,max_speed_up
1,1.0,1.0,2.307587198849335
2,1.395329622543051,1.3976260678914343,2.307587198849335
3,1.6071088702272234,1.820860237818002,2.307587198849335
4,1.739085661635186,2.246834710964401,2.307587198849335
8,1.9834031308432878,4.348489700801995,2.307587198849335
16,2.133249121174095,6.892352728554663,2.307587198849335
32,2.216996083274676,11.370566448629484,2.307587198849335
