number_of_threads,parallel_time,serial_time,matrix_dimension
1,4.268407821655273,3.476381301879883,10
2,6.219387054443359,4.273891448974609,10
3,7.782459259033203,4.219532012939453,10
4,10.643482208251953,4.328489303588867,10
8,27.777433395385742,8.41522216796875,10
16,43.6406135559082,4.139900207519531,10
32,72.27420806884766,4.194974899291992,10
