matrix_dimension,parallel_time,serial_time
2,1.4913082122802734,2.227783203125
4,1.6236305236816406,2.244710922241211
16,9.020566940307617,7.632017135620117
64,492.13719367980957,185.8081817626953
100,1719.499111175537,620.0461387634277
200,15801.9278049469,5167.474985122681
300,70840.24548530579,18671.102285385132
