number_of_threads,parallel_time,serial_time,matrix_dimension
4,44.77334022521973,35.410165786743164,2
4,74.55301284790039,34.79599952697754,4
4,80.78908920288086,39.757490158081055,16
4,487.7190589904785,204.58674430847168,64
4,1585.575819015503,624.0978240966797,100
4,13933.253049850464,4951.6332149505615,200
4,53544.36421394348,18278.518199920654,300
