matrix_dimension,parallel_time,serial_time
2,0.2894401550292969,0.004291534423828125
4,0.2872943878173828,0.011920928955078125
8,0.39649009704589844,0.05412101745605469
16,1.6131401062011719,0.36597251892089844
32,13.13328742980957,2.3114681243896484
64,92.07606315612793,19.69432830810547
100,437.27660179138184,72.37720489501953
300,35424.957275390625,2436.701774597168
