matrix_dimension,parallel_time,serial_time
2,37.83082962036133,27.468204498291016
4,41.0616397857666,26.359081268310547
16,47.9278564453125,15.58995246887207
64,450.7482051849365,194.28682327270508
100,1550.818681716919,602.1454334259033
200,13431.904315948486,4902.212142944336
300,52783.23435783386,17680.010080337524
