number_of_threads,parallel_time,serial_time,matrix_dimension
1,4.334926605224609,3.3152103424072266,10
2,6.269693374633789,4.749059677124023,10
3,8.319854736328125,3.983736038208008,10
4,11.136770248413086,3.9148330688476562,10
8,33.475399017333984,4.563093185424805,10
16,41.97549819946289,4.055023193359375,10
32,70.61266899108887,4.389524459838867,10
