matrix_dimension,speed_up
2,2.6751577394934496
4,3.045368620037807
16,3.0105694321105836
64,3.113455022331537
100,3.1526832579434516
200,3.21339745251528
300,3.2365169322530987
