number_of_threads,parallel_time,serial_time,matrix_dimension
4,28.747081756591797,12.158870697021484,2
4,28.559207916259766,8.281946182250977,4
4,29.51359748840332,12.867212295532227,8
4,79.11372184753418,21.680116653442383,16
4,51.203250885009766,17.560482025146484,32
4,209.9628448486328,60.05549430847168,64
4,710.3719711303711,135.39409637451172,100
4,23695.4288482666,5532.8209400177,300
