number_of_threads,parallel_time,serial_time,matrix_dimension
1,0.3871917724609375,0.09584426879882812,500
2,0.44465065002441406,0.09608268737792969,500
3,0.457763671875,0.09751319885253906,500
4,0.5326271057128906,0.09584426879882812,500
8,0.6465911865234375,0.095367431640625,500
16,0.89263916015625,0.09655952453613281,500
32,1.5311241149902344,0.095367431640625,500
