number_of_threads,parallel_time,serial_time,matrix_dimension
1,1595.7722663879395,58.1660270690918,100
2,2433.1142902374268,113.5411262512207,126
4,4054.88657951355,218.85442733764648,158
