number_of_threads,theoretical_speed_up,real_speed_up,max_speed_up
1,1.0,1.0,2.5172749027819323
2,1.4313779686603023,1.404926004967988,2.3609265682873772
3,1.6717655823193445,1.730003413357606,2.724422146568715
4,1.825013215500766,2.058207092249531,3.179855715871254
8,2.1159627548815463,4.2338091228894585,7.869134844000194
16,2.2992388181402914,5.798433229819567,8.525798086381114
32,2.403321783249627,12.454884383378015,19.754368480499636
