number_of_threads,parallel_time,serial_time,matrix_dimension
1,21153.194665908813,772.5541591644287,200
2,17277.929544448853,578.2668590545654,200
4,13838.81688117981,783.9348316192627,200
8,13627.315759658813,614.4094467163086,200
16,13333.874702453613,575.8492946624756,200
32,12298.032760620117,825.3879547119141,200
64,12657.370805740356,563.6351108551025,200
128,15142.727136611938,835.1597785949707,200
