number_of_threads,theoretical_speed_up,real_speed_up,max_speed_up
1,1.0,1.0,2.018489369200047
2,1.3374169144315935,1.49223427134937,2.018489369200047
3,1.5069016118376821,1.9920537981198105,2.018489369200047
4,1.6088421998764115,2.0074563957277807,2.018489369200047
8,1.7905343447815938,4.517177660172072,2.018489369200047
16,1.897690753072922,7.568064268530497,2.018489369200047
32,1.9562269821663374,15.19338434506101,2.018489369200047
