number_of_threads,theoretical_speed_up,real_speed_up,max_speed_up
1,1.0,1.0,5.039800995024875
2,1.668863261943987,1.698240359415949,5.039800995024875
3,2.147703180212014,2.2202097235462346,5.039800995024875
4,2.507425742574257,2.7444039562727744,5.039800995024875
8,3.3487603305785125,4.211096075778078,5.039800995024875
16,4.023833167825224,6.492957746478873,5.039800995024875
32,4.474875759249033,11.356986785974405,5.039800995024875
