number_of_threads,parallel_time,serial_time,matrix_dimension
1,14956.028461456299,589.7905826568604,200
2,10038.160800933838,436.9044303894043,200
4,8579.461336135864,591.4006233215332,200
8,8683.732032775879,436.7382526397705,200
16,8730.086326599121,438.7376308441162,200
32,8660.383701324463,592.7278995513916,200
64,8630.20920753479,430.80592155456543,200
128,8736.992597579956,589.1294479370117,200
