matrix_dimension,parallel_time,serial_time
100,1107.2306632995605,89.9817943572998
200,8720.69501876831,457.1347236633301
400,298868.8049316406,3777.545213699341
