number_of_threads,theoretical_speed_up,real_speed_up,max_speed_up
1,1.0,1.0,34.544798777724736
2,1.9437329772913678,1.447712401001636,34.544798777724736
4,3.680381826759994,1.6735012788126769,34.544798777724736
8,6.652057498229459,1.6773449080695833,34.544798777724736
16,11.15589918778914,1.7177834027645833,34.544798777724736
32,16.865313213271637,1.6808414510131675,34.544798777724736
64,22.665146163377553,1.6748877257131203,34.544798777724736
128,27.371566754264794,1.7007029602934782,34.544798777724736
