matrix_dimension,speed_up
2,1.7053217011995638
4,3.0937310030395135
8,5.919178246491784
16,12.049171078899402
32,24.23939433138842
64,50.838611157554475
