number_of_threads,theoretical_speed_up,real_speed_up,max_speed_up
1,1.0,1.0,5.312466043984669
2,1.683166612530794,1.5794125532153858,5.312466043984669
3,2.179483369370901,1.9866749762287175,5.312466043984669
4,2.556385080371688,2.287202415363981,5.312466043984669
8,3.4517641063985596,2.764274549619775,5.312466043984669
16,4.184595633031295,3.3349506003208926,5.312466043984669
32,4.68155793114113,3.334767042204667,5.312466043984669
64,4.977097834472888,3.437465762540295,5.312466043984669
128,5.139316603803503,3.9285706599070207,5.312466043984669
