matrix_dimension,speed_up
2,1.7097024412316046
4,3.104687141874857
8,5.753342123014656
16,12.071277294968231
32,24.75445136606661
64,43.08062290858367
