matrix_dimension,parallel_time,serial_time
4,38.46001625061035,13.428449630737305
16,49.25966262817383,31.679391860961914
64,464.54691886901855,194.26751136779785
200,13617.49243736267,4878.48162651062
300,52970.85237503052,17476.922035217285
