number_of_threads,parallel_time,serial_time,matrix_dimension
4,0.30303001403808594,0.0045299530029296875,2
4,0.2377033233642578,0.011920928955078125,4
4,0.34499168395996094,0.05507469177246094,8
4,2.0956993103027344,0.4172325134277344,16
4,13.346433639526367,2.26593017578125,32
4,99.16019439697266,23.70309829711914,64
4,450.23441314697266,73.91858100891113,100
4,39267.249584198,2658.7069034576416,300
