matrix_dimension,speed_up
4,3.223616497270672
16,2.8258057104479457
64,3.1153767929856966
200,3.2087226750540214
300,3.2557498580391644
