matrix_dimension,speed_up
2,3.292303867782197
4,3.2762076749435667
8,3.4664104795332564
16,3.360354453517713
32,3.393715597352528
64,3.5084847153612837
100,3.4646065470591783
300,3.427752555910185
