number_of_threads,theoretical_speed_up,real_speed_up,max_speed_up
1,1.0,1.0,26.358201540084107
2,1.9268957794221349,1.4840784950557644,26.358201540084107
4,3.591255616131123,1.69513172402313,26.358201540084107
8,6.321252423254626,1.7044975267308473,26.358201540084107
16,10.197039739085524,1.6955085097356555,26.358201540084107
32,14.70517601032605,1.6800639303476754,26.358201540084107
64,18.878232434083465,1.715681832845095,26.358201540084107
128,21.999800227501517,1.6669113880603756,26.358201540084107
