matrix_dimension,parallel_time,serial_time
2,7.853031158447266,3.2122135162353516
4,8.757352828979492,3.725290298461914
8,10.560274124145508,4.991292953491211
16,12.048006057739258,4.275321960449219
32,26.072025299072266,7.952451705932617
64,188.03048133850098,93.4748649597168
