number_of_threads,parallel_time,serial_time,matrix_dimension
4,7.873058319091797,3.839731216430664,2
4,9.306669235229492,4.35638427734375,4
4,10.477542877197266,4.81867790222168,8
4,16.88361167907715,6.01959228515625,16
4,29.875516891479492,11.820077896118164,32
4,206.9265842437744,45.70150375366211,64
