number_of_threads,theoretical_speed_up,real_speed_up,max_speed_up
1,1.0,1.0,5.36316368080097
2,1.6856909392360235,1.6071192940241572,5.36316368080097
3,2.185132877645426,1.9791994813182348,5.36316368080097
4,2.5651362979361516,2.2025679041204125,5.36316368080097
8,3.470415061561982,2.795583998322727,5.36316368080097
16,4.214012136715302,3.0909756912232553,5.36316368080097
32,4.719645388727375,3.6304051801258677,5.36316368080097
64,5.020868799664078,4.3068588909655,5.36316368080097
128,5.18637460795369,5.25971426511152,5.36316368080097
