matrix_dimension,speed_up
2,1.685465324809587
4,3.16625325065013
8,5.91188851792713
16,11.700870006627278
32,24.06884016274142
64,50.71187638688831
