alpha,speed_up
0.05174884658158715,3.8447534602552387
0.04473615051080729,3.865791548467578
0.06399648383236607,3.8080105485029017
