number_of_threads,parallel_time,serial_time,matrix_dimension
4,8.825540542602539,3.4575462341308594,2
4,9.34910774230957,3.6513805389404297,4
4,10.381698608398438,4.999399185180664,8
4,12.086629867553711,5.13911247253418,16
4,32.0286750793457,11.529684066772461,32
4,193.77684593200684,36.85593605041504,64
