number_of_threads,parallel_time,serial_time,matrix_dimension
1,0.4334449768066406,0.09894371032714844,500
2,0.6282329559326172,0.09822845458984375,500
3,0.5242824554443359,0.09703636169433594,500
4,0.6461143493652344,0.09870529174804688,500
8,0.7212162017822266,0.09655952453613281,500
16,1.2164115905761719,0.09751319885253906,500
32,1.70135498046875,0.10251998901367188,500
