matrix_dimension,speed_up
2,1.672176196388951
4,3.0434676392063795
8,5.794831429150365
16,12.05758720839449
32,23.211963358569108
64,52.60303001418461
