number_of_threads,theoretical_speed_up,real_speed_up,max_speed_up
1,1.0,1.0,2.2246249207579067
2,1.3797728265618174,1.3967920804486076,2.2246249207579067
3,1.5797555729696384,1.684767511078775,2.2246249207579067
4,1.7031844042386821,2.0411247596577695,2.2246249207579067
8,1.929292466517005,3.216044138563015,2.2246249207579067
16,2.0664600184838346,7.231343453631504,2.2246249207579067
32,2.142627573194259,12.059496469682973,2.2246249207579067
