matrix_dimension,parallel_time,serial_time
2,33.31875801086426,23.381710052490234
4,54.231882095336914,23.900508880615234
16,57.114601135253906,31.041860580444336
64,571.7430114746094,233.0610752105713
100,1925.363302230835,767.2202587127686
200,16716.23682975769,6059.144735336304
300,56208.53900909424,18043.642282485962
