matrix_dimension,parallel_time,serial_time
2,7.819175720214844,3.313302993774414
4,9.717941284179688,3.3609867095947266
8,11.132001876831055,4.439592361450195
16,13.683795928955078,4.922389984130859
32,31.6922664642334,8.533954620361328
64,192.63815879821777,44.77238655090332
