number_of_threads,theoretical_speed_up,real_speed_up,max_speed_up
1,1.0,1.0,37.72282325245343
2,1.9483508734122768,1.5589520093917328,37.72282325245343
4,3.7053249494611835,1.746718157667718,37.72282325245343
8,6.747842914927605,1.8257815310999441,37.72282325245343
16,11.447891725167967,1.7546811939129197,37.72282325245343
32,17.565203042431975,1.824571876184647,37.72282325245343
64,23.96935084023484,1.856878356165287,37.72282325245343
128,29.31300763898315,1.8998095939960726,37.72282325245343
