number_of_threads,parallel_time,serial_time,matrix_dimension
1,2425.232410430908,555.8426380157471,100
2,1692.1803951263428,547.5242137908936,100
3,1593.7187671661377,553.8091659545898,100
4,1615.7994270324707,603.7683486938477,100
8,1535.5000495910645,556.3218593597412,100
16,1564.6674633026123,603.7352085113525,100
32,1790.9154891967773,603.6088466644287,100
64,1995.237112045288,562.7601146697998,100
128,2519.1564559936523,567.0897960662842,100
