matrix_dimension,speed_up
2,2.6698604490805513
4,3.2533824654105543
8,2.7764945135014627
16,3.3698882996727972
32,3.5737810132490755
64,3.5413299632818895
100,3.3515966590760526
300,3.392616490496295
