number_of_threads,parallel_time,serial_time,matrix_dimension
4,1.600503921508789,0.7750988006591797,2
4,1.8367767333984375,2.367258071899414,4
4,8.957862854003906,3.7529468536376953,16
4,491.14108085632324,194.20695304870605,64
4,1767.9970264434814,665.8267974853516,100
4,16247.699975967407,5728.10435295105,200
4,64961.59482002258,19757.415533065796,300
