matrix_dimension,speed_up
2,2.7628826965044846
4,3.082307276838434
16,2.9436329461400117
64,3.131237978038229
100,3.1451850150449188
200,3.201882341507375
300,3.2709853649296625
