number_of_threads,parallel_time,serial_time,matrix_dimension
1,2603.2562255859375,594.4998264312744,100
2,2143.1150436401367,594.9714183807373,100
3,1683.0365657806396,569.8354244232178,100
4,1849.0118980407715,642.0385837554932,100
8,1690.370798110962,635.8654499053955,100
16,1757.0321559906006,618.3390617370605,100
32,1852.0550727844238,578.4816741943359,100
64,1783.5345268249512,614.7656440734863,100
128,1839.6835327148438,598.4411239624023,100
