number_of_threads,parallel_time,serial_time,matrix_dimension
1,16468.3620929718,448.45032691955566,200
2,10398.90456199646,452.495813369751,200
4,9070.483684539795,614.4287586212158,200
8,8816.234588623047,449.2838382720947,200
16,9031.64267539978,609.3180179595947,200
32,8829.07772064209,442.5835609436035,200
64,8517.833948135376,592.5164222717285,200
128,8467.262029647827,437.21580505371094,200
