number_of_threads,parallel_time,serial_time,matrix_dimension
4,1.4913082122802734,2.227783203125,2
4,1.6236305236816406,2.244710922241211,4
4,9.020566940307617,7.632017135620117,16
4,492.13719367980957,185.8081817626953,64
4,1719.499111175537,620.0461387634277,100
4,15801.9278049469,5167.474985122681,200
4,70840.24548530579,18671.102285385132,300
