number_of_threads,parallel_time,serial_time,matrix_dimension
1,4.837274551391602,3.1881332397460938,10
2,5.518913269042969,4.055261611938477,10
3,6.8836212158203125,3.991842269897461,10
4,9.365320205688477,4.296302795410156,10
8,33.7519645690918,4.913568496704102,10
16,40.1310920715332,5.332469940185547,10
32,67.29888916015625,3.588438034057617,10
