number_of_threads,parallel_time,serial_time,matrix_dimension
1,4.372358322143555,3.482818603515625,500
2,5.780696868896484,5.408525466918945,500
3,8.71419906616211,5.066633224487305,500
4,18.155813217163086,9.255647659301758,500
8,18.03278923034668,3.8213729858398438,500
16,41.09501838684082,6.039619445800781,500
32,83.6951732635498,4.586696624755859,500
