number_of_threads,parallel_time,serial_time,matrix_dimension
1,15196.140050888062,453.01032066345215,200
2,10203.856945037842,605.7143211364746,200
4,8904.666662216187,446.47669792175293,200
8,8714.03193473816,615.6833171844482,200
16,8667.980194091797,442.10338592529297,200
32,8864.938497543335,445.36876678466797,200
64,8744.23623085022,599.1663932800293,200
128,8750.50663948059,451.07102394104004,200
