number_of_threads,parallel_time,serial_time,matrix_dimension
1,2439.744472503662,559.9615573883057,100
2,1729.0503978729248,560.8265399932861,100
3,1490.924596786499,550.9490966796875,100
4,1528.548240661621,601.7367839813232,100
8,1391.374111175537,613.7514114379883,100
16,1676.1322021484375,566.9910907745361,100
32,1895.3094482421875,562.4890327453613,100
