matrix_dimension,speed_up
2,1.7185116170733128
4,3.15740536971831
8,5.724753150527801
16,11.524913494809688
32,23.794452016179793
64,53.932376693296284
