number_of_threads,parallel_time,serial_time,matrix_dimension
1,2862.387180328369,605.363130569458,100
2,2217.8781032562256,590.2099609375,100
3,1919.5082187652588,586.3583087921143,100
4,1689.7292137145996,622.2970485687256,100
8,1682.8815937042236,623.3823299407959,100
16,1675.5797863006592,572.2384452819824,100
32,1828.6101818084717,586.2815380096436,100
64,1778.2578468322754,620.1357841491699,100
128,1831.8872451782227,599.8833179473877,100
