number_of_threads,theoretical_speed_up,real_speed_up,max_speed_up
1,1.0,1.0,5.18423482287435
2,1.6765970152681837,1.6101458624053269,5.18423482287435
3,2.164837989301768,1.9645982596258098,5.18423482287435
4,2.5337664107020905,2.1895001925449584,5.18423482287435
8,3.40389685408335,2.808015071355661,5.18423482287435
16,4.109531914085083,3.0745220745098614,5.18423482287435
32,4.584745681207721,3.626680753441122,5.18423482287435
64,4.866095946165104,4.129587136008565,5.18423482287435
128,5.0201301101989255,4.707377629240716,5.18423482287435
