number_of_threads,theoretical_speed_up,real_speed_up,max_speed_up
1,1.0,1.0,5.3569856543059435
2,1.6853854784703992,1.6065346365561717,5.3569856543059435
3,2.1844485932240088,1.9484941340906048,5.3569856543059435
4,2.5640755535081015,2.1652013998709854,5.3569856543059435
8,3.46815044003178,2.5456313422897967,5.3569856543059435
16,4.2104352738866915,3.339226575418604,5.3569856543059435
32,4.715009725166466,3.953240284821097,5.3569856543059435
