number_of_threads,parallel_time,serial_time,matrix_dimension
4,7.71021842956543,3.221273422241211,2
4,8.759021759033203,3.791332244873047,4
4,9.778499603271484,4.136323928833008,8
4,12.140035629272461,4.340887069702148,16
4,26.252031326293945,8.766651153564453,32
4,152.29058265686035,40.216922760009766,64
