matrix_dimension,speed_up
2,3.948006932409012
4,3.845679012345679
8,3.5303326810176126
16,3.290681971640783
32,3.572303232866988
64,3.475593403450796
100,3.580047926578169
300,3.806193922679108
