number_of_threads,parallel_time,serial_time,matrix_dimension
1,61218.90306472778,6065.199375152588,300
2,31848.276376724243,6086.79986000061,300
3,25023.083209991455,5590.039491653442,300
4,23893.268823623657,6024.66082572937,300
8,20918.287754058838,6246.512413024902,300
16,20267.532110214233,5517.1825885772705,300
32,20621.957778930664,6125.909805297852,300
64,19379.518747329712,5536.347389221191,300
128,28277.47344970703,6766.212224960327,300
