number_of_threads,parallel_time,serial_time,matrix_dimension
1,4.893064498901367,3.3462047576904297,10
2,6.840944290161133,3.8721561431884766,10
4,11.86990737915039,3.66973876953125,10
8,32.636404037475586,12.113809585571289,10
16,40.08674621582031,3.4830570220947266,10
32,79.10346984863281,4.532814025878906,10
