matrix_dimension,parallel_time,serial_time
100,1671.7464923858643,92.27275848388672
200,9905.178546905518,452.39996910095215
400,499793.0645942688,3856.6222190856934
