matrix_dimension,speed_up
2,3.956168831168831
4,3.8804780876494025
8,3.6396825396825396
16,3.445247560534875
32,3.55101883297314
64,3.4713896574011462
100,3.5739625372431223
300,3.8069259111403397
