alpha,fixed_time_speed_up,real_speed_up
0.03289171519098554,3.9013248544270436,1.0
0.04518745817916812,3.8644376254624957,0.6927355625499328
0.05130031683770627,3.846099049486881,0.3854109158706284
