number_of_threads,parallel_time,serial_time,matrix_dimension
1,4.145145416259766,3.384828567504883,500
2,6.039619445800781,4.590749740600586,500
3,7.40504264831543,4.74095344543457,500
4,9.854555130004883,4.635334014892578,500
8,31.62860870361328,8.534908294677734,500
16,43.46609115600586,3.822803497314453,500
32,71.63000106811523,4.03594970703125,500
