number_of_threads,theoretical_speed_up,real_speed_up,max_speed_up
1,1.0,1.0,5.063725490196078
2,1.6701697655618433,1.7113976995468805,5.063725490196078
3,2.15058986814712,2.250226380923634,5.063725490196078
4,2.511854103343465,2.8885906040268456,5.063725490196078
8,3.357984559122308,4.47394540942928,5.063725490196078
16,4.0381138529196186,6.892307692307693,5.063725490196078
32,4.493135789044447,12.296814296814297,5.063725490196078
