number_of_threads,parallel_time,serial_time,matrix_dimension
1,60482.30481147766,5493.925094604492,300
2,31412.675857543945,6107.1741580963135,300
3,24666.881799697876,5500.903606414795,300
4,23425.884246826172,6119.422197341919,300
8,21565.107822418213,5516.240358352661,300
16,20271.02279663086,6139.587879180908,300
32,19509.93037223816,5528.530836105347,300
