number_of_threads,theoretical_speed_up,real_speed_up,max_speed_up
1,1.0,1.0,11.0934691966639
2,1.834621483093394,1.7234647679882333,11.0934691966639
3,2.541756282473346,2.1974714643124056,11.0934691966639
4,3.1485417938941147,2.49358096593175,11.0934691966639
8,4.904960602562312,3.06555529395088,11.0934691966639
16,6.802296230097129,3.8008670503871382,11.0934691966639
32,8.43339883996493,3.9507386535305096,11.0934691966639
64,9.582248425998346,4.2670347610833055,11.0934691966639
128,10.282630057984546,5.015462105821501,11.0934691966639
