number_of_threads,parallel_time,serial_time,matrix_dimension
1,0.3952980041503906,0.0972747802734375,500
2,0.48661231994628906,0.09870529174804688,500
3,0.49376487731933594,0.09870529174804688,500
4,0.6709098815917969,0.09870529174804688,500
8,0.762939453125,0.09679794311523438,500
16,1.0044574737548828,0.09703636169433594,500
32,1.789093017578125,0.09751319885253906,500
