alpha,speed_up
0.03516819660031829,3.894495410199045
0.044584408835244886,3.8662467734942654
0.051209099238068684,3.846372702285794
