number_of_threads,theoretical_speed_up,real_speed_up,max_speed_up
1,1.0,1.0,5.728380431156676
2,1.7027516472257231,1.652643790172165,5.728380431156676
3,2.2236407028034972,2.04361279494275,5.728380431156676
4,2.625174498906463,2.213038484908131,5.728380431156676
8,3.600382915730382,2.7661584278130524,5.728380431156676
16,4.421671398926191,3.3204487511964245,5.728380431156676
32,4.990913610813979,3.753179383259832,5.728380431156676
64,5.33427887132095,3.7016756637830057,5.728380431156676
128,5.524309818338862,3.9592813558576925,5.728380431156676
