matrix_dimension,speed_up
2,2.2029617283159175
4,2.2591679506933744
16,2.6250751653638003
64,3.1777736592358243
100,3.2049145378407142
200,3.260712138034304
300,3.3742323375618297
