number_of_threads,theoretical_speed_up,real_speed_up,max_speed_up
1,1.0,1.0,2.9312495668445493
2,1.4912559057894366,1.4337482482895063,2.531997903686019
4,1.9768175550933607,2.121421702788668,3.3878093438072177
8,2.3612332342391382,3.0557663562147868,4.3263255813953485
16,2.615545162911143,7.323247756568896,12.660119047619048
32,2.764412962577156,11.536253095267668,17.47597092644825
