matrix_dimension,speed_up
100,3.8430752525432053
200,3.8689655207338802
400,3.977027948274006
