number_of_threads,parallel_time,serial_time,matrix_dimension
1,0.49686431884765625,0.13685226440429688,500
2,0.5476474761962891,0.1418590545654297,500
3,0.6444454193115234,0.13518333435058594,500
4,0.5862712860107422,0.11658668518066406,500
8,0.7658004760742188,0.11730194091796875,500
16,1.1639595031738281,0.11730194091796875,500
32,1.600503921508789,0.11920928955078125,500
