number_of_threads,parallel_time,serial_time,matrix_dimension
1,2486.706018447876,576.632022857666,100
2,1725.66819190979,626.319169998169,100
3,1651.402235031128,565.3355121612549,100
4,1698.7237930297852,565.0956630706787,100
8,1660.4957580566406,615.9684658050537,100
16,1700.5996704101562,576.5159130096436,100
32,1615.4873371124268,619.8198795318604,100
64,1584.3656063079834,615.0932312011719,100
128,1704.3285369873047,564.1043186187744,100
