number_of_threads,parallel_time,serial_time,matrix_dimension
4,0.2703666687011719,0.00476837158203125,2
4,0.21982192993164062,0.011920928955078125,4
4,0.3082752227783203,0.057220458984375,8
4,1.6176700592041016,0.5009174346923828,16
4,13.82303237915039,2.2983551025390625,32
4,92.87524223327637,19.673824310302734,64
4,437.669038772583,71.23899459838867,100
4,35697.35503196716,2465.390682220459,300
