number_of_threads,parallel_time,serial_time,matrix_dimension
1,1671.7464923858643,92.27275848388672,100
2,9905.178546905518,452.39996910095215,200
4,499793.0645942688,3856.6222190856934,400
