number_of_threads,parallel_time,serial_time,matrix_dimension
1,4.118919372558594,3.391265869140625,10
2,7.269382476806641,4.8828125,10
3,7.703304290771484,4.774808883666992,10
4,10.523080825805664,4.431724548339844,10
8,34.20567512512207,3.6520957946777344,10
16,38.559675216674805,5.22160530090332,10
32,73.45175743103027,4.204034805297852,10
