matrix_dimension,speed_up
2,1.7056446119613096
4,3.190306004172784
8,6.507526629302503
16,11.948004725448381
32,24.549126668560067
64,51.16229916472808
