matrix_dimension,speed_up
2,1.9852713178294574
4,3.8567335243553007
8,7.036352800953516
16,13.509487666034156
32,27.500755921384176
64,51.84588008367519
100,86.03854294170866
300,281.03911202674897
