number_of_threads,theoretical_speed_up,real_speed_up,max_speed_up
1,1.0,1.0,2.4622728892055576
2,1.4223447821702715,1.4690314671025746,2.7667015577858507
4,1.8031123227632626,2.341289940190743,4.2345374220374215
8,2.0817602012002743,2.7634915405836655,3.6941486744474403
16,2.256084673355557,7.275604658106897,12.509069751523034
32,2.3546736563730324,11.939857557372726,18.45129391962971
