number_of_threads,parallel_time,serial_time,matrix_dimension
4,38.46001625061035,13.428449630737305,4
4,49.25966262817383,31.679391860961914,16
4,464.54691886901855,194.26751136779785,64
4,13617.49243736267,4878.48162651062,200
4,52970.85237503052,17476.922035217285,300
