number_of_threads,theoretical_speed_up,real_speed_up,max_speed_up
1,1.0,1.0,4.464285714285714
2,1.6339869281045751,1.6709565217391305,4.464285714285714
3,2.0718232044198897,2.2416563658838076,4.464285714285714
4,2.3923444976076556,2.6358317079966564,4.464285714285714
8,3.115264797507788,2.897102487969694,4.464285714285714
16,3.669724770642202,6.4234718826405865,4.464285714285714
32,4.028197381671702,11.075841389650003,4.464285714285714
