matrix_dimension,speed_up
100,3.7745217389399484
200,3.8505742414625965
400,3.9625548577220386
