number_of_threads,parallel_time,serial_time,matrix_dimension
1,2949.7854709625244,704.9760818481445,100
2,2175.084352493286,694.887638092041,100
3,1950.6807327270508,697.9548931121826,100
4,1945.69730758667,740.3707504272461,100
8,1945.789098739624,698.4529495239258,100
16,1984.3618869781494,772.7329730987549,100
32,2246.49977684021,758.3317756652832,100
64,2395.8892822265625,716.163158416748,100
128,2757.127046585083,716.3364887237549,100
