number_of_threads,theoretical_speed_up,real_speed_up,max_speed_up
1,1.0,1.0,2.227830738632467
2,1.3803888239668543,1.4211630985824535,2.4552047305589646
3,1.5808324952146124,1.7614537650461886,2.844389196519381
4,1.7045928607973553,2.142109123160103,3.458936931974663
8,1.9314014760202451,3.0446230021936698,4.300855621033545
16,2.0690528226625107,6.95754514327375,11.541465100207326
32,2.145508209579046,11.849176845459374,18.22875816993464
