matrix_dimension,speed_up
2,1.984399375975039
4,3.8204683434518647
8,7.055683122847302
16,14.241441987276582
32,27.359597450924266
64,57.18457292477532
100,86.85092750698541
300,276.0440142457263
