alpha,fixed_time_speed_up,real_speed_up
0.029723627891122668,3.910829116326632,1.0
0.042053623238556756,3.87383913028433,0.7315516767978038
0.04620333259320799,3.861390002220376,0.4104157293154803
