matrix_dimension,speed_up
2,1.8150796677684549
4,3.048814070516498
8,6.291715789171004
16,13.529345402777405
32,29.09788665859188
64,58.07454129047211
