alpha,fixed_time_speed_up
0.0424203902065238,3.872738829380429
0.04842396910335685,3.854728092689929
0.032020042596878254,3.9039398722093654
