number_of_threads,parallel_time,serial_time,matrix_dimension
1,0.7166862487792969,0.10371208190917969,500
2,0.5540847778320312,0.10132789611816406,500
3,0.5528926849365234,0.09655952453613281,500
4,0.6563663482666016,0.09942054748535156,500
8,0.7774829864501953,0.20003318786621094,500
16,0.9744167327880859,0.10061264038085938,500
32,1.619100570678711,0.11038780212402344,500
