matrix_dimension,speed_up
2,1.8340735518740454
4,3.090888603820684
8,6.228974234321828
16,8.840570273141642
32,29.064225750737656
64,57.28487288712752
