number_of_threads,theoretical_speed_up,real_speed_up,max_speed_up
1,1.0,1.0,7.92183908045977
2,1.775830971399124,1.728200065811122,7.92183908045977
3,2.395273401297498,2.335903083700441,7.92183908045977
4,2.9012839402231108,3.007572738142686,7.92183908045977
8,4.247111384994608,3.126359832635983,7.92183908045977
16,5.529635944238291,9.031825795644892,7.92183908045977
32,6.5130234481129285,11.484124188597594,7.92183908045977
