number_of_threads,theoretical_speed_up,real_speed_up,max_speed_up
1,1.0,1.0,37.0129435344455
2,1.9473863422813418,1.3470380482135158,37.0129435344455
4,3.7000970451056747,1.6533374508842809,37.0129435344455
8,6.727647016924165,1.6406269572448582,37.0129435344455
16,11.385763933143673,1.6207932732968022,37.0129435344455
32,17.41454099104538,1.6455939343803927,37.0129435344455
64,23.68521815767439,1.6563462153364898,37.0129435344455
128,28.885871263044773,1.6476979873980964,37.0129435344455
