number_of_threads,theoretical_speed_up,real_speed_up,max_speed_up
1,1.0,1.0,4.477799153520585
2,1.6348898628905373,1.450121996996997,4.477799153520585
3,2.0737594887085855,1.7948288428832655,4.477799153520585
4,2.3952497581657646,2.0607027078065823,4.477799153520585
8,3.121015862799523,3.349845169440607,4.477799153520585
16,3.6782793523866717,6.267680854507202,4.477799153520585
32,4.0388517983489285,12.735973494650812,4.477799153520585
