number_of_threads,theoretical_speed_up,real_speed_up,max_speed_up
1,1.0,1.0,7.910344827586207
2,1.7755417956656347,1.7321991178323881,7.910344827586207
3,2.394572025052192,2.3123938879456705,7.910344827586207
4,2.9001264222503162,2.868129382492649,7.910344827586207
8,4.244218316373728,3.2888799759350245,7.910344827586207
16,5.524382901866345,6.655964572377526,7.910344827586207
32,6.5054945054945055,10.743185078909613,7.910344827586207
