matrix_dimension,parallel_time,serial_time
4,12.849807739257812,7.454156875610352
16,41.20588302612305,9.935855865478516
64,441.96557998657227,192.6259994506836
200,13986.226320266724,4880.016803741455
300,52713.987588882446,16649.10316467285
