matrix_dimension,speed_up
100,3.8654455862597215
200,3.863572337003674
400,3.9470348742166816
