number_of_threads,parallel_time,serial_time,matrix_dimension
1,10.31947135925293,3.8728713989257812,10
2,8.46099853515625,4.423856735229492,10
4,11.844396591186523,3.6880970001220703,10
8,20.544052124023438,3.533601760864258,10
16,39.3977165222168,5.434751510620117,10
32,87.57162094116211,12.838602066040039,10
