number_of_threads,parallel_time,serial_time,matrix_dimension
1,2905.721664428711,553.5097122192383,100
2,1904.639482498169,552.5662899017334,100
3,1710.8526229858398,548.8200187683105,100
4,1679.2523860931396,553.5612106323242,100
8,1652.9541015625,574.2096900939941,100
16,1629.258155822754,560.5394840240479,100
32,1748.234510421753,552.7722835540771,100
64,2290.68660736084,554.4209480285645,100
128,2867.236614227295,547.2030639648438,100
