matrix_dimension,parallel_time,serial_time
100,1938.4453296661377,59.14711952209473
126,2608.008623123169,116.40357971191406
158,4391.260385513306,224.28250312805176
