matrix_dimension,parallel_time,serial_time
2,0.3006458282470703,0.004291534423828125
4,0.2448558807373047,0.011920928955078125
8,0.3886222839355469,0.055789947509765625
16,2.1255016326904297,0.362396240234375
32,13.882875442504883,2.350330352783203
64,159.44337844848633,19.536733627319336
100,493.24798583984375,81.38847351074219
300,22752.168655395508,1733.790636062622
