number_of_threads,parallel_time,serial_time,matrix_dimension
4,0.3008842468261719,0.00476837158203125,2
4,0.25844573974609375,0.016450881958007812,4
4,0.3592967987060547,0.05602836608886719,8
4,2.7790069580078125,0.36907196044921875,16
4,13.456583023071289,2.368927001953125,32
4,135.2078914642334,16.401290893554688,64
4,479.48288917541504,73.43840599060059,100
4,22113.04759979248,1926.018476486206,300
