number_of_threads,parallel_time,serial_time,matrix_dimension
1,47537.9593372345,5190.7055377960205,300
2,29165.563344955444,5323.356151580811,300
3,24212.626218795776,4589.113473892212,300
4,23993.258237838745,5441.63966178894,300
8,22454.158544540405,5337.180376052856,300
16,22864.304304122925,4607.271909713745,300
32,22783.94913673401,5616.55330657959,300
