number_of_threads,parallel_time,serial_time,matrix_dimension
1,0.7159709930419922,0.10180473327636719,500
2,0.4837512969970703,0.09369850158691406,500
3,0.5948543548583984,0.09655952453613281,500
4,0.6465911865234375,0.09679794311523438,500
8,0.6844997406005859,0.2002716064453125,500
16,0.9570121765136719,0.09489059448242188,500
32,1.6019344329833984,0.09703636169433594,500
