number_of_threads,theoretical_speed_up,real_speed_up,max_speed_up
1,1.0,1.0,6.03313180137659
2,1.7156316621837597,1.6281849743928718,6.03313180137659
3,2.253093295572243,2.009717385033293,6.03313180137659
4,2.6715570785570426,2.298828298505377,6.03313180137659
8,3.703258368484761,2.8652928459975233,6.03313180137659
16,4.589431081095953,3.301585752686684,6.03313180137659
32,5.21317556072518,3.770095206755577,6.03313180137659
64,5.593262614813053,4.695608690149255,6.03313180137659
128,5.804876274950723,5.650200496005433,6.03313180137659
