number_of_threads,parallel_time,serial_time,matrix_dimension
4,9.521722793579102,3.735065460205078,2
4,10.49041748046875,4.809141159057617,4
4,11.372566223144531,4.5452117919921875,8
4,13.719320297241211,6.948232650756836,16
4,48.628807067871094,14.676332473754883,32
4,254.57453727722168,43.875694274902344,64
4,830.542802810669,178.9531707763672,100
4,23588.266372680664,5349.374532699585,300
