matrix_dimension,speed_up
2,1.7760654844675086
4,3.20869286287089
8,6.424046713261966
16,14.381099189110369
32,29.008977971692605
64,56.56225271108859
