number_of_threads,theoretical_speed_up,real_speed_up,max_speed_up
1,1.0,1.0,3.404167384191493
2,1.5458846529814272,1.4563816443925435,3.404167384191493
3,1.889745714103626,1.7010101792003716,3.404167384191493
4,2.126220118852349,1.9703977459841195,3.404167384191493
8,2.6175414204611287,3.343843638001606,3.404167384191493
16,2.9594752650341993,6.33018494139901,3.404167384191493
32,3.1662837550366643,12.468371991966212,3.404167384191493
