number_of_threads,parallel_time,serial_time,matrix_dimension
1,1966.5884971618652,59.56006050109863,100
2,10654.759168624878,443.1877136230469,200
4,233421.7872619629,3683.433771133423,400
