number_of_threads,parallel_time,serial_time,matrix_dimension
1,2643.9731121063232,117.1269416809082,100
2,3899.1806507110596,198.42219352722168,126
4,9325.890302658081,308.49337577819824,158
