number_of_threads,parallel_time,serial_time,matrix_dimension
1,6.657123565673828,2.768993377685547,500
2,5.031585693359375,2.996683120727539,500
3,6.47735595703125,4.00090217590332,500
4,8.43048095703125,4.408121109008789,500
8,16.304969787597656,4.048824310302734,500
16,33.14328193664551,3.757953643798828,500
32,83.22024345397949,4.429101943969727,500
