number_of_threads,parallel_time,serial_time,matrix_dimension
1,47465.41237831116,5170.542240142822,300
2,29189.192533493042,5347.205638885498,300
3,24420.08137702942,4608.105659484863,300
4,24172.757148742676,5660.039663314819,300
8,22262.604475021362,5324.264049530029,300
16,23289.145708084106,4607.063293457031,300
32,23092.943906784058,5450.780868530273,300
64,16826.57814025879,5351.116180419922,300
128,34585.2153301239,5753.373861312866,300
