matrix_dimension,parallel_time,serial_time
2,13.072013854980469,15.079498291015625
4,36.91387176513672,18.557071685791016
16,41.50128364562988,22.579193115234375
64,473.16884994506836,179.1245937347412
100,1731.611728668213,547.3227500915527
200,13785.63380241394,5024.935483932495
300,56481.33969306946,18792.214393615723
