number_of_threads,theoretical_speed_up,real_speed_up,max_speed_up
1,1.0,1.0,4.955335833617457
2,1.6641667143756798,1.4576168195904478,4.955335833617457
3,2.1373529411764705,1.7527706628350095,4.955335833617457
4,2.49157845112073,2.0133875886290467,4.955335833617457
8,3.315899044631399,3.210215333776333,4.955335833617457
16,3.97314151958858,6.018725560389933,4.955335833617457
32,4.410214589832822,13.082573978393611,4.955335833617457
