matrix_dimension,speed_up
100,3.9118128920865542
200,3.880197377499086
400,3.9533949473349734
