matrix_dimension,parallel_time,serial_time
2,12.701034545898438,14.022350311279297
4,40.26961326599121,6.779909133911133
16,45.75681686401367,11.060237884521484
64,465.40331840515137,198.58384132385254
100,1585.2124691009521,557.0998191833496
200,13834.169626235962,4986.697196960449
300,54230.02004623413,17065.624475479126
