number_of_threads,parallel_time,serial_time,matrix_dimension
4,12.701034545898438,14.022350311279297,2
4,40.26961326599121,6.779909133911133,4
4,45.75681686401367,11.060237884521484,16
4,465.40331840515137,198.58384132385254,64
4,1585.2124691009521,557.0998191833496,100
4,13834.169626235962,4986.697196960449,200
4,54230.02004623413,17065.624475479126,300
