matrix_dimension,parallel_time,serial_time
2,13.63515853881836,3.31878662109375
4,10.274648666381836,3.912210464477539
8,10.289430618286133,3.7424564361572266
16,13.894081115722656,5.240440368652344
32,52.26945877075195,12.331962585449219
64,253.58009338378906,42.91868209838867
