matrix_dimension,speed_up
2,2.482497475597442
4,2.3756860136371194
16,2.6469990473166085
64,3.205159069033267
100,3.3060864043511384
200,3.2617122306956015
300,3.3199157834077853
