number_of_threads,parallel_time,serial_time,matrix_dimension
1,9.091615676879883,2.9685497283935547,10
2,8.382558822631836,2.9697418212890625,10
3,10.76507568359375,3.5381317138671875,10
4,11.575460433959961,3.572702407836914,10
8,19.891977310180664,4.059553146362305,10
16,39.1087532043457,3.9603710174560547,10
32,77.88515090942383,3.8683414459228516,10
