number_of_threads,parallel_time,serial_time,matrix_dimension
4,10.639429092407227,7.121086120605469,2
4,13.956546783447266,5.896568298339844,4
4,20.978450775146484,8.959293365478516,16
4,422.91975021362305,172.01662063598633,64
4,1639.4250392913818,533.2105159759521,100
4,13317.493200302124,4920.0599193573,200
4,50972.73874282837,17152.09436416626,300
