alpha,speed_up
0.027844788265961946,3.916465635202114
0.039966258010684416,3.880101225967947
0.0486646768832995,3.8540059693501014
