number_of_threads,parallel_time,serial_time,matrix_dimension
4,1.255035400390625,2.405405044555664,2
4,1.758575439453125,0.9007453918457031,4
4,11.841773986816406,4.503726959228516,16
4,500.30970573425293,181.718111038208,64
4,1929.2082786560059,572.1673965454102,100
4,15905.293226242065,5173.022031784058,200
4,73059.3523979187,19615.05651473999,300
