number_of_threads,parallel_time,serial_time,matrix_dimension
4,12.907028198242188,3.724336624145508,2
4,10.944366455078125,3.921031951904297,4
4,14.616966247558594,4.246950149536133,8
4,56.15592002868652,6.793975830078125,16
4,94.10333633422852,10.049104690551758,32
4,420.7415580749512,56.32185935974121,64
