number_of_threads,parallel_time,serial_time,matrix_dimension
1,3385.3535652160645,629.5371055603027,100
2,3268.5630321502686,729.6915054321289,100
3,2592.747211456299,720.1993465423584,100
4,2001.387596130371,618.3474063873291,100
8,2002.7222633361816,619.4102764129639,100
16,2049.213171005249,614.0472888946533,100
32,1944.5579051971436,617.6152229309082,100
64,1882.9355239868164,577.979326248169,100
128,1903.1176567077637,578.5660743713379,100
