number_of_threads,theoretical_speed_up,real_speed_up,max_speed_up
1,1.0,1.0,35.93032599165759
2,1.9458439657301754,1.4486700922047608,35.93032599165759
4,3.691757012192205,1.6307050223433994,35.93032599165759
8,6.695560802149926,1.6398364389968516,35.93032599165759
16,11.287679877813622,1.6288852315689974,35.93032599165759
32,17.178616937804158,1.6264976243838463,35.93032599165759
64,23.244044133241783,1.6417699609490386,35.93032599165759
128,28.22729101498057,1.6312604575668432,35.93032599165759
