alpha,speed_up
0.029609202590914135,3.9111723922272574
0.04272612624138959,3.8718216212758314
0.04859287597131875,3.8542213720860437
