matrix_dimension,parallel_time,serial_time
2,18.343210220336914,4.161596298217773
4,9.9334716796875,4.611730575561523
8,12.536048889160156,4.046916961669922
16,37.070512771606445,7.309913635253906
32,87.6014232635498,9.047985076904297
64,408.1766605377197,42.37675666809082
