number_of_threads,parallel_time,serial_time,matrix_dimension
1,15893.31603050232,441.32232666015625,200
2,11686.766147613525,439.5716190338135,200
4,9442.63243675232,437.1645450592041,200
8,9514.333724975586,442.0053958892822,200
16,9638.086318969727,440.08874893188477,200
32,9487.056970596313,439.23044204711914,200
64,9418.74384880066,443.10641288757324,200
128,9472.38802909851,441.2238597869873,200
