matrix_dimension,parallel_time,serial_time
100,2643.9731121063232,117.1269416809082
126,3899.1806507110596,198.42219352722168
158,9325.890302658081,308.49337577819824
