number_of_threads,parallel_time,serial_time,matrix_dimension
1,0.7243156433105469,0.10180473327636719,500
2,0.5514621734619141,0.09918212890625,500
3,0.57220458984375,0.09655952453613281,500
4,0.5671977996826172,0.09584426879882812,500
8,0.8220672607421875,0.2028942108154297,500
16,0.9524822235107422,0.09799003601074219,500
32,1.5869140625,0.09942054748535156,500
