number_of_threads,parallel_time,serial_time,matrix_dimension
1,9.706974029541016,3.1273365020751953,10
2,9.24062728881836,3.1676292419433594,10
3,10.733842849731445,3.637552261352539,10
4,12.682676315307617,4.202127456665039,10
8,19.910812377929688,3.7522315979003906,10
16,39.1850471496582,4.3697357177734375,10
32,80.93643188476562,3.3414363861083984,10
