matrix_dimension,speed_up
2,1.8537374260115793
4,3.206636653346148
8,6.2525696009304355
16,12.296378731483369
32,29.318034509714593
64,56.75572023355862
