matrix_dimension,parallel_time,serial_time
100,1268.3138847351074,59.55696105957031
200,9420.453310012817,448.81367683410645
400,208492.05684661865,3747.091054916382
