number_of_threads,parallel_time,serial_time,matrix_dimension
4,16.482830047607422,4.413366317749023,2
4,10.66899299621582,4.666328430175781,4
4,11.582136154174805,4.049062728881836,8
4,23.323774337768555,11.903524398803711,16
4,88.9425277709961,9.19651985168457,32
4,377.2602081298828,49.44729804992676,64
