number_of_threads,parallel_time,serial_time,matrix_dimension
4,0.30684471130371094,0.0040531158447265625,2
4,0.2951622009277344,0.011920928955078125,4
4,0.4265308380126953,0.06961822509765625,8
4,2.7265548706054688,0.38313865661621094,16
4,13.510942459106445,3.7772655487060547,32
4,135.390043258667,16.12997055053711,64
4,471.3590145111084,69.90599632263184,100
4,21811.89227104187,1520.6184387207031,300
