matrix_dimension,parallel_time,serial_time
2,10.639429092407227,7.121086120605469
4,13.956546783447266,5.896568298339844
16,20.978450775146484,8.959293365478516
64,422.91975021362305,172.01662063598633
100,1639.4250392913818,533.2105159759521
200,13317.493200302124,4920.0599193573
300,50972.73874282837,17152.09436416626
