number_of_threads,parallel_time,serial_time,matrix_dimension
1,10.775089263916016,3.0982494354248047,500
2,4.574298858642578,2.794027328491211,500
3,7.409811019897461,3.7450790405273438,500
4,8.034944534301758,3.6725997924804688,500
8,15.585184097290039,3.8552284240722656,500
16,31.04114532470703,3.5843849182128906,500
32,75.4084587097168,3.86810302734375,500
