number_of_threads,parallel_time,serial_time,matrix_dimension
1,3042.7820682525635,590.9974575042725,100
2,2428.1070232391357,560.157299041748,100
3,1895.6170082092285,561.2914562225342,100
4,1864.8173809051514,559.2024326324463,100
8,1894.779920578003,562.061071395874,100
16,1904.8435688018799,562.3190402984619,100
32,1906.989574432373,579.8027515411377,100
64,1921.5819835662842,568.659782409668,100
128,1895.7865238189697,560.7292652130127,100
