number_of_threads,parallel_time,serial_time,matrix_dimension
1,2769.9151039123535,545.8269119262695,100
2,1876.152753829956,539.7436618804932,100
3,1663.9986038208008,555.7765960693359,100
4,1650.4013538360596,546.600341796875,100
8,1571.1212158203125,536.6475582122803,100
16,1542.9813861846924,540.3766632080078,100
32,1705.4152488708496,539.7934913635254,100
