matrix_dimension,speed_up
4,2.898615563462148
16,3.417157722000522
64,3.089370207426165
200,3.2240081761379287
300,3.2799151688398713
