number_of_threads,parallel_time,serial_time,matrix_dimension
4,34.69681739807129,28.255462646484375,2
4,38.28787803649902,12.95614242553711,4
4,34.61790084838867,25.972604751586914,8
4,64.78047370910645,28.531789779663086,16
4,59.98086929321289,15.392780303955078,32
4,232.05828666687012,47.65915870666504,64
4,795.1953411102295,230.80062866210938,100
4,23386.375188827515,5251.749753952026,300
