number_of_threads,theoretical_speed_up,real_speed_up,max_speed_up
1,1.0,1.0,6.377528243077937
2,1.7289064935974285,1.6913283278643851,6.377528243077937
3,2.283798296358166,2.090914745090466,6.377528243077937
4,2.720345096389568,2.3417791525579776,6.377528243077937
8,3.81387540489951,3.01480983440713,6.377528243077937
16,4.7732577278801065,3.5887043760522324,6.377528243077937
32,5.45998928691301,3.7768847713323326,6.377528243077937
64,5.883199039996238,4.051554272310464,6.377528243077937
128,6.120398434931573,4.181902239988976,6.377528243077937
