number_of_threads,theoretical_speed_up,real_speed_up,max_speed_up
1,1.0,1.0,4.271342945083427
2,1.6205900430239706,1.5927072800808897,4.271342945083427
3,2.0432671195722367,1.9877517485919374,4.271342945083427
4,2.349685870872878,2.2642430944317735,4.271342945083427
8,3.0316479346920002,3.6483203841710647,4.271342945083427
16,3.5462752811822265,6.644034223775069,4.271342945083427
32,3.8751848619850273,12.898250047381389,4.271342945083427
