number_of_threads,theoretical_speed_up,real_speed_up,max_speed_up
1,1.0,1.0,10.158284743969347
2,1.8207609820065822,1.732577147881142,10.158284743969347
3,2.506509336937838,2.2750209313240517,10.158284743969347
4,3.088027031372779,2.5729908818127227,10.158284743969347
8,4.736270505145777,3.412513369821128,10.158284743969347
16,6.460398932501548,4.55106894916603,10.158284743969347
32,7.897926597989454,4.4876780206382705,10.158284743969347
