number_of_threads,parallel_time,serial_time,matrix_dimension
1,15672.95241355896,448.69184494018555,200
2,10677.194118499756,451.3881206512451,200
4,9441.360473632812,444.9427127838135,200
8,9383.642435073853,447.60894775390625,200
16,9444.364786148071,452.9833793640137,200
32,9460.551023483276,451.3258934020996,200
64,9371.474742889404,448.1983184814453,200
128,9435.630321502686,447.30663299560547,200
