number_of_threads,parallel_time,serial_time,matrix_dimension
4,1268.3138847351074,59.55696105957031,100
4,9420.453310012817,448.81367683410645,200
4,208492.05684661865,3747.091054916382,400
