matrix_dimension,speed_up
2,1.69453319757031
4,3.1683635640269814
8,6.0483142161974275
16,11.34801971693251
32,25.738364846388023
64,53.000777640270265
