matrix_dimension,parallel_time,serial_time
2,8.10551643371582,3.711700439453125
4,9.482860565185547,4.086971282958984
8,8.856534957885742,3.4303665161132812
16,13.01264762878418,4.706621170043945
32,45.7615852355957,12.531757354736328
64,251.49250030517578,45.333147048950195
100,755.950927734375,238.54684829711914
300,23375.1859664917,5240.10157585144
