matrix_dimension,parallel_time,serial_time
2,0.2810955047607422,0.0040531158447265625
4,0.2899169921875,0.012159347534179688
8,0.4429817199707031,0.0553131103515625
16,2.070903778076172,0.37026405334472656
32,14.276981353759766,2.344846725463867
64,144.26875114440918,16.336441040039062
100,481.92381858825684,70.53899765014648
300,21998.991012573242,1508.6078643798828
