matrix_dimension,speed_up
2,2.797148725383593
4,3.1089708178215445
16,3.1022075688073394
64,3.1325965478106426
100,3.263736826892245
200,3.1906710477426405
300,3.2446765629255454
