matrix_dimension,parallel_time,serial_time
2,12.907028198242188,3.724336624145508
4,10.944366455078125,3.921031951904297
8,14.616966247558594,4.246950149536133
16,56.15592002868652,6.793975830078125
32,94.10333633422852,10.049104690551758
64,420.7415580749512,56.32185935974121
