matrix_dimension,parallel_time,serial_time
2,11.436223983764648,4.540681838989258
4,9.222269058227539,4.878044128417969
8,12.021780014038086,4.5166015625
16,23.777008056640625,14.42575454711914
32,90.61312675476074,8.73112678527832
64,376.79100036621094,46.7376708984375
