matrix_dimension,parallel_time,serial_time
100,1966.5884971618652,59.56006050109863
200,10654.759168624878,443.1877136230469
400,233421.7872619629,3683.433771133423
