matrix_dimension,speed_up
2,2.4258337348107704
4,3.5676953481301306
16,3.416007855380432
64,3.1027664989565396
100,3.2198618909624375
200,3.205132700240816
300,3.2819074184700687
