matrix_dimension,parallel_time,serial_time
2,2.100229263305664,2.149820327758789
4,1.972198486328125,2.328634262084961
16,12.365341186523438,10.158061981201172
64,503.60941886901855,181.52403831481934
100,1878.9026737213135,565.3717517852783
200,16133.970975875854,5266.5910720825195
300,62964.73479270935,18458.136558532715
