matrix_dimension,speed_up
2,1.9859265050820953
4,3.860724233983287
8,7.121244635193133
16,13.815045519885002
32,27.511654207117363
64,57.123178859113594
100,85.97816280806572
300,278.82854439100663
