matrix_dimension,speed_up
2,1.7887957099663414
4,3.087141058130315
8,6.1867392696989105
16,10.931406256345007
32,29.09501852414212
64,56.69949618408474
