matrix_dimension,speed_up
2,1.715797170656002
4,2.962141323278267
8,6.088312886531059
16,10.335846324750053
32,29.275484784486896
64,57.047759298539525
