number_of_threads,theoretical_speed_up,real_speed_up,max_speed_up
1,1.0,1.0,6.249630856120897
2,1.7241238844166265,1.632818513519476,6.249630856120897
3,2.272694729661965,2.019179794327203,6.249630856120897
4,2.702650928814196,2.293890007483538,6.249630856120897
8,3.773467154812858,2.852306876814103,6.249630856120897
16,4.705686154031769,3.306013042923079,6.249630856120897
32,5.368863604805534,3.7882603268047124,6.249630856120897
64,5.775862915757101,4.8204765242547944,6.249630856120897
128,6.0034143767890855,5.994416426994762,6.249630856120897
