number_of_threads,theoretical_speed_up,real_speed_up,max_speed_up
1,1.0,1.0,8.032786885245901
2,1.778584392014519,1.7207815275310834,8.032786885245901
3,2.4019607843137254,2.345013477088949,8.032786885245901
4,2.912332838038633,2.876383763837638,8.032786885245901
8,4.2748091603053435,3.0954019393181107,8.032786885245901
16,5.580071174377224,6.799460604893084,8.032786885245901
32,6.5854682906341875,11.55001772780226,8.032786885245901
