number_of_threads,parallel_time,serial_time,matrix_dimension
1,15878.13401222229,444.9634552001953,200
2,10836.284160614014,432.06286430358887,200
4,9486.56177520752,442.4116611480713,200
8,9450.912714004517,436.7508888244629,200
16,9385.957717895508,439.1634464263916,200
32,9450.09708404541,441.0526752471924,200
64,9441.555500030518,439.55016136169434,200
128,9404.340505599976,440.19150733947754,200
