number_of_threads,theoretical_speed_up,real_speed_up,max_speed_up
1,1.0,1.0,3.91170089673127
2,1.5928090814057922,1.5529113173030966,3.473385432025951
3,1.9850636720613601,1.9664115207658506,3.8050182645667405
4,2.2638137588281455,2.229661527063944,3.7783648061934403
8,2.8678945170889474,3.648666455604138,5.8696178834930075
16,3.309443962204267,6.689289406667771,10.776765113059529
32,3.585457754283193,12.448647770974063,19.738178535154045
