matrix_dimension,speed_up
2,1.8042469413584588
4,3.1727110782468406
8,6.133024093519557
16,11.891895933014354
32,26.082315340384856
64,54.880647085974175
