number_of_threads,theoretical_speed_up,real_speed_up,max_speed_up
1,1.0,1.0,36.684130520513186
2,1.9469272616251208,1.4485795859257222,36.684130520513186
4,3.6976121224629814,1.6439864173323686,36.684130520513186
8,6.718069941355396,1.650854855413189,36.684130520513186
16,11.356408290456871,1.6613634778059307,36.684130520513186
32,17.343684075259674,1.6502730081593553,36.684130520513186
64,23.552237864277828,1.6519505029888144,36.684130520513186
128,28.686768177793695,1.6580877024898428,36.684130520513186
