number_of_threads,parallel_time,serial_time,matrix_dimension
4,12.849807739257812,7.454156875610352,4
4,41.20588302612305,9.935855865478516,16
4,441.96557998657227,192.6259994506836,64
4,13986.226320266724,4880.016803741455,200
4,52713.987588882446,16649.10316467285,300
