number_of_threads,parallel_time,serial_time,matrix_dimension
4,16.92485809326172,3.3669471740722656,2
4,9.58561897277832,4.167795181274414,4
4,12.822151184082031,4.342794418334961,8
4,25.45452117919922,23.243188858032227,16
4,87.85390853881836,9.19032096862793,32
4,376.878023147583,44.963836669921875,64
