matrix_dimension,parallel_time,serial_time
2,18.879175186157227,3.234386444091797
4,10.400533676147461,3.7393569946289062
8,12.305736541748047,4.09388542175293
16,33.4780216217041,10.976076126098633
32,84.13863182067871,7.968664169311523
64,334.9907398223877,43.524980545043945
