matrix_dimension,parallel_time,serial_time
2,0.3008842468261719,0.00476837158203125
4,0.25844573974609375,0.016450881958007812
8,0.3592967987060547,0.05602836608886719
16,2.7790069580078125,0.36907196044921875
32,13.456583023071289,2.368927001953125
64,135.2078914642334,16.401290893554688
100,479.48288917541504,73.43840599060059
300,22113.04759979248,1926.018476486206
