number_of_threads,parallel_time,serial_time,matrix_dimension
4,8.10551643371582,3.711700439453125,2
4,9.482860565185547,4.086971282958984,4
4,8.856534957885742,3.4303665161132812,8
4,13.01264762878418,4.706621170043945,16
4,45.7615852355957,12.531757354736328,32
4,251.49250030517578,45.333147048950195,64
4,755.950927734375,238.54684829711914,100
4,23375.1859664917,5240.10157585144,300
