matrix_dimension,speed_up
2,3.9601873536299768
4,3.8331550802139036
8,3.637524557956778
16,3.5582367471024132
32,3.5400660603592597
64,3.675398095625597
100,3.608980664989352
300,3.806266836089428
