number_of_threads,parallel_time,serial_time,matrix_dimension
1,15708.036422729492,446.0568428039551,200
2,11205.162048339844,454.8327922821045,200
4,9440.731048583984,471.447229385376,200
8,9751.883029937744,448.98200035095215,200
16,9765.3067111969,448.6052989959717,200
32,9658.138990402222,449.1541385650635,200
64,9812.398195266724,467.93675422668457,200
128,10609.148502349854,500.90670585632324,200
