number_of_threads,parallel_time,serial_time,matrix_dimension
1,6.713628768920898,2.8638839721679688,10
2,5.013704299926758,2.8836727142333984,10
3,6.672143936157227,4.019737243652344,10
4,8.374691009521484,3.8025379180908203,10
8,15.77448844909668,3.7119388580322266,10
16,32.839059829711914,3.7567615509033203,10
32,81.68292045593262,4.259347915649414,10
