number_of_threads,theoretical_speed_up,real_speed_up,max_speed_up
1,1.0,1.0,6.074713326495917
2,1.7173030329710062,1.6347703727712186,6.074713326495917
3,2.2569395646143953,1.9990000432274473,6.074713326495917
4,2.6776441780300684,2.290450518703585,6.074713326495917
8,3.716923300603773,2.875389280432501,6.074713326495917
16,4.61194473766516,3.27153819080524,6.074713326495917
32,5.243218598508905,3.7856267673511232,6.074713326495917
