number_of_threads,theoretical_speed_up,real_speed_up,max_speed_up
1,1.0,1.0,4.147399556322405
2,1.6114542929655702,1.605177688867969,4.065569861707201
4,2.321067696658275,2.3206123271115886,4.145461523699866
8,2.97640685461581,3.515208511972266,5.4866451761455215
16,3.465660843706955,6.0859568430044835,9.208085056665498
32,3.776005834788524,13.52078239608802,22.681926435564964
