number_of_threads,parallel_time,serial_time,matrix_dimension
1,9.599447250366211,3.2968521118164062,10
2,7.99870491027832,3.2339096069335938,10
3,11.167764663696289,3.981351852416992,10
4,12.66336441040039,4.55784797668457,10
8,21.08621597290039,4.330158233642578,10
16,40.40956497192383,4.1332244873046875,10
32,79.17356491088867,4.225254058837891,10
