matrix_dimension,speed_up
2,3.960889570552147
4,3.8835403726708075
8,3.5790485343584817
16,3.630376447136395
32,3.3445360767872905
64,3.6806368318277443
100,3.612541020072856
300,3.8044850220832265
