number_of_threads,parallel_time,serial_time,matrix_dimension
1,2752.696752548218,546.9152927398682,100
2,1827.8377056121826,540.9374237060547,100
3,1644.439697265625,537.5959873199463,100
4,1642.998218536377,537.9891395568848,100
8,1568.594217300415,539.7458076477051,100
16,1559.5712661743164,537.7836227416992,100
32,1699.4907855987549,541.2321090698242,100
64,2186.2542629241943,548.17795753479,100
128,2659.865379333496,546.7405319213867,100
