matrix_dimension,speed_up
2,1.7182526122691222
4,3.05700394259089
8,6.001198250554191
16,10.957144175530074
32,24.813122125933543
64,54.738259022472604
100,82.4502876976231
300,244.7272502099577
