number_of_threads,theoretical_speed_up,real_speed_up,max_speed_up
1,1.0,1.0,4.062645570636897
2,1.6049496311572935,1.585290739291838,3.822655748233783
3,2.010333041888562,2.0070479079311268,4.042587601078167
4,2.300919976801574,2.342535325510872,4.239973306639973
8,2.9379197188927044,3.6589285632987174,5.900041111176367
16,3.4099322095311124,6.724645773713966,10.875022575401843
32,3.7077823462714603,12.972106956828085,21.133990755007705
