matrix_dimension,speed_up
2,2.39303499441038
4,2.9963896123991027
16,2.94292953533279
64,3.176177859196752
100,3.2795017734918623
200,3.1985991374147584
300,3.251043160312004
