number_of_threads,parallel_time,serial_time,matrix_dimension
4,13.072013854980469,15.079498291015625,2
4,36.91387176513672,18.557071685791016,4
4,41.50128364562988,22.579193115234375,16
4,473.16884994506836,179.1245937347412,64
4,1731.611728668213,547.3227500915527,100
4,13785.63380241394,5024.935483932495,200
4,56481.33969306946,18792.214393615723,300
