number_of_threads,parallel_time,serial_time,matrix_dimension
4,18.343210220336914,4.161596298217773,2
4,9.9334716796875,4.611730575561523,4
4,12.536048889160156,4.046916961669922,8
4,37.070512771606445,7.309913635253906,16
4,87.6014232635498,9.047985076904297,32
4,408.1766605377197,42.37675666809082,64
