number_of_threads,theoretical_speed_up,real_speed_up,max_speed_up
1,1.0,1.0,7.775981524249422
2,1.7721052631578946,1.6853594279262325,7.775981524249422
3,2.3862508858965272,2.292493528904228,7.775981524249422
4,2.88641234462066,2.7938220151998037,7.775981524249422
8,4.210065645514224,3.086997586315458,7.775981524249422
16,5.46258365443115,6.635328681601175,7.775981524249422
32,6.417153067301966,11.336467971080438,7.775981524249422
