matrix_dimension,parallel_time,serial_time
2,9.432315826416016,4.1484832763671875
4,9.52911376953125,3.6547183990478516
8,10.388374328613281,4.01616096496582
16,12.446165084838867,5.595207214355469
32,50.373077392578125,12.75014877319336
64,195.1124668121338,41.27025604248047
