matrix_dimension,speed_up
2,3.3520951762601188
4,2.7485147546956856
8,2.763468365003132
16,3.570942873677249
32,3.10280653331298
64,3.4686517358660076
100,3.3482081321929495
200,3.4076758462869567
300,3.4512893366916515
400,3.7714936195621727
