matrix_dimension,speed_up
2,2.028593760177164
4,2.9838622915545994
16,3.173400624288923
64,3.2006860721686676
100,3.3137767322783236
200,3.263742575942217
300,3.365033235877676
