number_of_threads,parallel_time,serial_time,matrix_dimension
1,9.629249572753906,2.9435157775878906,10
2,8.944511413574219,3.0732154846191406,10
3,10.892152786254883,3.7207603454589844,10
4,13.083696365356445,4.490852355957031,10
8,19.910573959350586,4.089593887329102,10
16,39.130210876464844,4.054069519042969,10
32,79.6668529510498,3.9968490600585938,10
