number_of_threads,theoretical_speed_up,real_speed_up,max_speed_up
1,1.0,1.0,36.21532440571319
2,1.946258697675279,1.3854288519283584,36.21532440571319
4,3.693997176311724,1.6297218242570617,36.21532440571319
8,6.7041633779197864,1.5836003336548672,36.21532440571319
16,11.313902571449349,1.5815774846515842,36.21532440571319
32,17.24146080122643,1.5982610832999553,36.21532440571319
64,23.361116600170867,1.571358651726565,36.21532440571319
128,28.401509115703018,1.454006569976503,36.21532440571319
