number_of_threads,real_speed_up
1,1.0
2,0.6738330088943754
4,0.286588135364293
