matrix_dimension,parallel_time,serial_time
100,2096.1649417877197,60.03904342651367
140,3898.9031314849854,162.31155395507812
200,10634.38367843628,543.9920425415039
