number_of_threads,parallel_time,serial_time,matrix_dimension
1,13.829469680786133,3.496408462524414,500
2,5.386590957641602,3.1921863555908203,500
3,7.182121276855469,3.9665699005126953,500
4,8.530378341674805,4.180669784545898,500
8,16.76654815673828,4.541873931884766,500
16,34.76142883300781,4.320859909057617,500
32,88.03868293762207,4.30750846862793,500
