number_of_threads,theoretical_speed_up,real_speed_up,max_speed_up
1,1.0,1.0,3.664553065747353
2,1.5712343772683481,1.4888288933579437,2.912584209108057
4,2.199429146768398,2.335995697189727,4.211519813821191
8,2.7489595058735246,3.946115973741794,6.8139126914513195
16,3.1414011814490728,5.677073623590947,8.249221320465015
32,3.382870619491343,6.446795218300191,7.820962320563056
