number_of_threads,theoretical_speed_up,real_speed_up,max_speed_up
1,1.0,1.0,3.3442390942390943
2,1.5396201828181593,1.4650478781043366,3.3442390942390943
3,1.8772957395435779,1.7124037421243554,3.3442390942390943
4,2.1085202146784416,2.065263540971675,3.3442390942390943
8,2.5863586978391213,3.4284455863461187,3.3442390942390943
16,2.916873533589591,6.299628830649816,3.3442390942390943
32,3.1159709412109766,12.61641745498932,3.3442390942390943
