number_of_threads,parallel_time,serial_time,matrix_dimension
1,1938.4453296661377,59.14711952209473,100
2,2608.008623123169,116.40357971191406,126
4,4391.260385513306,224.28250312805176,158
