number_of_threads,theoretical_speed_up,real_speed_up,max_speed_up
1,1.0,1.0,6.0050722447044595
2,1.714492594774891,1.5836587354868743,6.0050722447044595
3,2.25047522163599,1.9178994290194167,6.0050722447044595
4,2.6674176870644493,2.255807805264995,6.0050722447044595
8,3.693987780590557,2.840622262874615,6.0050722447044595
16,4.574188310135146,3.480480662148042,6.0050722447044595
32,5.192864117649216,3.756761461774231,6.0050722447044595
64,5.569512662753266,4.0021815344055645,6.0050722447044595
128,5.77909725057703,3.9859957860100232,6.0050722447044595
