number_of_threads,parallel_time,serial_time,matrix_dimension
1,9.133100509643555,2.901792526245117,10
2,9.196043014526367,2.9997825622558594,10
4,11.723756790161133,3.7271976470947266,10
8,18.582820892333984,4.141807556152344,10
16,33.49924087524414,4.081249237060547,10
32,78.1402587890625,3.6039352416992188,10
