number_of_threads,parallel_time,serial_time,matrix_dimension
4,0.2810955047607422,0.0040531158447265625,2
4,0.2899169921875,0.012159347534179688,4
4,0.4429817199707031,0.0553131103515625,8
4,2.070903778076172,0.37026405334472656,16
4,14.276981353759766,2.344846725463867,32
4,144.26875114440918,16.336441040039062,64
4,481.92381858825684,70.53899765014648,100
4,21998.991012573242,1508.6078643798828,300
