matrix_dimension,speed_up
2,1.9857859531772575
4,3.8792423046566693
8,7.222966507177033
16,13.724875476120715
32,27.626819857423584
64,57.59176517568328
100,87.35958228842865
300,280.81157697939886
