number_of_threads,parallel_time,serial_time,matrix_dimension
1,0.6995201110839844,0.10323524475097656,500
2,0.4341602325439453,0.09965896606445312,500
3,0.5357265472412109,0.09775161743164062,500
4,0.5815029144287109,0.09775161743164062,500
8,0.6773471832275391,0.19931793212890625,500
16,0.9756088256835938,0.10132789611816406,500
32,1.5723705291748047,0.09822845458984375,500
