number_of_threads,parallel_time,serial_time,matrix_dimension
1,2778.904914855957,555.2177429199219,100
2,1884.3615055084229,672.0857620239258,100
3,1787.646770477295,702.4784088134766,100
4,1678.391933441162,582.7798843383789,100
8,1756.3817501068115,615.405797958374,100
16,1744.6625232696533,550.3554344177246,100
32,1748.429298400879,559.7748756408691,100
64,1739.4649982452393,543.1680679321289,100
128,1707.7116966247559,554.0974140167236,100
