matrix_dimension,parallel_time,serial_time
2,16.92485809326172,3.3669471740722656
4,9.58561897277832,4.167795181274414
8,12.822151184082031,4.342794418334961
16,25.45452117919922,23.243188858032227
32,87.85390853881836,9.19032096862793
64,376.878023147583,44.963836669921875
