matrix_dimension,parallel_time,serial_time
2,1.255035400390625,2.405405044555664
4,1.758575439453125,0.9007453918457031
16,11.841773986816406,4.503726959228516
64,500.30970573425293,181.718111038208
100,1929.2082786560059,572.1673965454102
200,15905.293226242065,5173.022031784058
300,73059.3523979187,19615.05651473999
