number_of_threads,theoretical_speed_up,real_speed_up,max_speed_up
1,1.0,1.0,4.103910955248914
2,1.6081436338650894,1.5932649624980866,3.9172060815896432
3,2.017023668269531,1.9917393602960614,3.950842236350528
4,2.310789637483634,2.2901491572011805,4.018156028368795
8,2.9567318915207688,3.7914963517591778,6.306392171813445
16,3.4371273734366645,6.387454600285838,9.96737232649498
32,3.74104044234219,14.355676487907893,25.222047805922227
