matrix_dimension,speed_up
2,3.0577221829920305
4,3.0964579380139154
8,3.1624332977588048
16,3.2031350914962324
32,3.3550674846625768
64,3.54182045130151
100,3.280400055043769
300,3.4506326485696714
