number_of_threads,parallel_time,serial_time,matrix_dimension
1,2096.1649417877197,60.03904342651367,100
2,3898.9031314849854,162.31155395507812,140
4,10634.38367843628,543.9920425415039,200
