number_of_threads,theoretical_speed_up,real_speed_up,max_speed_up
1,1.0,1.0,8.114754098360656
2,1.7805755395683454,1.7354531001589826,8.114754098360656
3,2.4068071312803894,2.327800829875519,8.114754098360656
4,2.920353982300885,2.7900677200902932,8.114754098360656
8,4.295010845986985,3.3533541341653668,8.114754098360656
16,5.617021276595745,6.668810897739098,8.114754098360656
32,6.63872590108969,11.3168,8.114754098360656
