number_of_threads,parallel_time,serial_time,matrix_dimension
4,18.879175186157227,3.234386444091797,2
4,10.400533676147461,3.7393569946289062,4
4,12.305736541748047,4.09388542175293,8
4,33.4780216217041,10.976076126098633,16
4,84.13863182067871,7.968664169311523,32
4,334.9907398223877,43.524980545043945,64
