number_of_threads,parallel_time,serial_time,matrix_dimension
4,13.63515853881836,3.31878662109375,2
4,10.274648666381836,3.912210464477539,4
4,10.289430618286133,3.7424564361572266,8
4,13.894081115722656,5.240440368652344,16
4,52.26945877075195,12.331962585449219,32
4,253.58009338378906,42.91868209838867,64
