number_of_threads,parallel_time,serial_time,matrix_dimension
4,0.301361083984375,0.0040531158447265625,2
4,0.2105236053466797,0.01239776611328125,4
4,0.4267692565917969,0.058650970458984375,8
4,2.140045166015625,0.3695487976074219,16
4,13.384342193603516,2.423524856567383,32
4,133.77785682678223,16.231060028076172,64
4,466.8569564819336,69.96989250183105,100
4,21741.421461105347,1500.9386539459229,300
