number_of_threads,parallel_time,serial_time,matrix_dimension
4,11.436223983764648,4.540681838989258,2
4,9.222269058227539,4.878044128417969,4
4,12.021780014038086,4.5166015625,8
4,23.777008056640625,14.42575454711914,16
4,90.61312675476074,8.73112678527832,32
4,376.79100036621094,46.7376708984375,64
