matrix_dimension,speed_up
2,2.6534818456224603
4,3.241503166102925
8,2.714026009797942
16,3.0826996780622413
32,3.3873410514329096
64,3.488850343499088
100,3.3251417097281903
300,3.449850529902503
