number_of_threads,parallel_time,serial_time,matrix_dimension
1,20479.001998901367,535.5446338653564,200
2,15959.017276763916,547.0991134643555,200
4,13265.343189239502,553.0314445495605,200
8,13883.5608959198,570.1439380645752,200
16,16056.910991668701,654.6463966369629,200
32,15586.015939712524,540.1573181152344,200
64,13835.798740386963,603.5475730895996,200
128,15849.51138496399,571.6488361358643,200
