number_of_threads,parallel_time,serial_time,matrix_dimension
4,9.432315826416016,4.1484832763671875,2
4,9.52911376953125,3.6547183990478516,4
4,10.388374328613281,4.01616096496582,8
4,12.446165084838867,5.595207214355469,16
4,50.373077392578125,12.75014877319336,32
4,195.1124668121338,41.27025604248047,64
