matrix_dimension,speed_up
2,1.7409884096449784
4,3.218559619999762
8,6.124818091826634
16,13.519635120530781
32,28.487911253832173
64,54.91300857191779
